previous_state,waiting_time,event_type,queue_position,road_id,state,station_id,target_edge,power_kw,details,vehicle_id,charging_price_per_kwh,port_id,session_charging_cost,estimated_session_cost,queue_length,available_ports,estimated_end,battery_pct,destination_edge,reason,step
,,battery_low,,,,,,,,ev_1,,,,,,,,14.98,,,1
TRAVELING,,lifecycle_state_transition,,,SEEKING_CHARGER,,,,"{'battery_pct': 14.98, 'station_id': 'osm_9202909866'}",ev_1,,,,,,,,,,battery_low,1
,0.0,recommendation_selected,,,,osm_9202909866,,,,ev_1,,,,,0,8,,14.98,,,1
SEEKING_CHARGER,,lifecycle_state_transition,,,ROUTING_TO_STATION,,,,"{'station_id': 'osm_9202909866', 'target_edge': '-36054475#1'}",ev_1,,,,,,,,,,reroute_to_station,1
,,reroute_to_station,,,,osm_9202909866,-36054475#1,,,ev_1,,,,,,,,,,,1
,,battery_low,,,,,,,,ev_3,,,,,,,,8.99,,,1
TRAVELING,,lifecycle_state_transition,,,SEEKING_CHARGER,,,,"{'battery_pct': 8.99, 'station_id': 'osm_9202909866'}",ev_3,,,,,,,,,,battery_low,1
,0.0,recommendation_selected,,,,osm_9202909866,,,,ev_3,,,,,0,8,,8.99,,,1
SEEKING_CHARGER,,lifecycle_state_transition,,,ROUTING_TO_STATION,,,,"{'station_id': 'osm_9202909866', 'target_edge': '-36054475#1'}",ev_3,,,,,,,,,,reroute_to_station,1
,,reroute_to_station,,,,osm_9202909866,-36054475#1,,,ev_3,,,,,,,,,,,1
,,battery_low,,,,,,,,ev_8,,,,,,,,14.95,,,1
TRAVELING,,lifecycle_state_transition,,,SEEKING_CHARGER,,,,"{'battery_pct': 14.95, 'station_id': 'osm_9202909866'}",ev_8,,,,,,,,,,battery_low,1
,0.0,recommendation_selected,,,,osm_9202909866,,,,ev_8,,,,,0,8,,14.95,,,1
SEEKING_CHARGER,,lifecycle_state_transition,,,ROUTING_TO_STATION,,,,"{'station_id': 'osm_9202909866', 'target_edge': '-36054475#1'}",ev_8,,,,,,,,,,reroute_to_station,1
,,reroute_to_station,,,,osm_9202909866,-36054475#1,,,ev_8,,,,,,,,,,,1
,,battery_low,,,,,,,,ev_5,,,,,,,,14.99,,,2
TRAVELING,,lifecycle_state_transition,,,SEEKING_CHARGER,,,,"{'battery_pct': 14.99, 'station_id': 'osm_11927677057'}",ev_5,,,,,,,,,,battery_low,2
,0.0,recommendation_selected,,,,osm_11927677057,,,,ev_5,,,,,0,2,,14.99,,,2
SEEKING_CHARGER,,lifecycle_state_transition,,,ROUTING_TO_STATION,,,,"{'station_id': 'osm_11927677057', 'target_edge': '1159872649#2'}",ev_5,,,,,,,,,,reroute_to_station,2
,,reroute_to_station,,,,osm_11927677057,1159872649#2,,,ev_5,,,,,,,,,,,2
,,battery_low,,,,,,,,ev_9,,,,,,,,14.96,,,2
TRAVELING,,lifecycle_state_transition,,,SEEKING_CHARGER,,,,"{'battery_pct': 14.96, 'station_id': 'osm_11927677057'}",ev_9,,,,,,,,,,battery_low,2
,0.0,recommendation_selected,,,,osm_11927677057,,,,ev_9,,,,,0,2,,14.96,,,2
SEEKING_CHARGER,,lifecycle_state_transition,,,ROUTING_TO_STATION,,,,"{'station_id': 'osm_11927677057', 'target_edge': '1159872649#2'}",ev_9,,,,,,,,,,reroute_to_station,2
,,reroute_to_station,,,,osm_11927677057,1159872649#2,,,ev_9,,,,,,,,,,,2
,,battery_low,,,,,,,,ev_2,,,,,,,,15.0,,,3
TRAVELING,,lifecycle_state_transition,,,SEEKING_CHARGER,,,,"{'battery_pct': 15.0, 'station_id': 'osm_11927677057'}",ev_2,,,,,,,,,,battery_low,3
,0.0,recommendation_selected,,,,osm_11927677057,,,,ev_2,,,,,0,2,,15.0,,,3
SEEKING_CHARGER,,lifecycle_state_transition,,,ROUTING_TO_STATION,,,,"{'station_id': 'osm_11927677057', 'target_edge': '1159872649#2'}",ev_2,,,,,,,,,,reroute_to_station,3
,,reroute_to_station,,,,osm_11927677057,1159872649#2,,,ev_2,,,,,,,,,,,3
,,battery_low,,,,,,,,ev_6,,,,,,,,14.98,,,3
TRAVELING,,lifecycle_state_transition,,,SEEKING_CHARGER,,,,"{'battery_pct': 14.98, 'station_id': 'osm_11542817290'}",ev_6,,,,,,,,,,battery_low,3
,0.0,recommendation_selected,,,,osm_11542817290,,,,ev_6,,,,,0,1,,14.98,,,3
SEEKING_CHARGER,,lifecycle_state_transition,,,ROUTING_TO_STATION,,,,"{'station_id': 'osm_11542817290', 'target_edge': '-694991477#1'}",ev_6,,,,,,,,,,reroute_to_station,3
,,reroute_to_station,,,,osm_11542817290,-694991477#1,,,ev_6,,,,,,,,,,,3
,,battery_low,,,,,,,,ev_4,,,,,,,,14.86,,,7
TRAVELING,,lifecycle_state_transition,,,SEEKING_CHARGER,,,,"{'battery_pct': 14.86, 'station_id': 'osm_10294506356'}",ev_4,,,,,,,,,,battery_low,7
,0.0,recommendation_selected,,,,osm_10294506356,,,,ev_4,,,,,0,1,,14.86,,,7
SEEKING_CHARGER,,lifecycle_state_transition,,,ROUTING_TO_STATION,,,,"{'station_id': 'osm_10294506356', 'target_edge': '437169586#0'}",ev_4,,,,,,,,,,reroute_to_station,7
,,reroute_to_station,,,,osm_10294506356,437169586#0,,,ev_4,,,,,,,,,,,7
,,battery_low,,,,,,,,ev_10,,,,,,,,14.92,,,11
TRAVELING,,lifecycle_state_transition,,,SEEKING_CHARGER,,,,"{'battery_pct': 14.92, 'station_id': 'osm_10294506356'}",ev_10,,,,,,,,,,battery_low,11
,0.0,recommendation_selected,,,,osm_10294506356,,,,ev_10,,,,,0,1,,14.92,,,11
SEEKING_CHARGER,,lifecycle_state_transition,,,ROUTING_TO_STATION,,,,"{'station_id': 'osm_10294506356', 'target_edge': '437169586#0'}",ev_10,,,,,,,,,,reroute_to_station,11
,,reroute_to_station,,,,osm_10294506356,437169586#0,,,ev_10,,,,,,,,,,,11
,,battery_low,,,,,,,,ev_7,,,,,,,,14.79,,,15
TRAVELING,,lifecycle_state_transition,,,SEEKING_CHARGER,,,,"{'battery_pct': 14.79, 'station_id': 'osm_11542817290'}",ev_7,,,,,,,,,,battery_low,15
,0.0,recommendation_selected,,,,osm_11542817290,,,,ev_7,,,,,0,1,,14.79,,,15
SEEKING_CHARGER,,lifecycle_state_transition,,,ROUTING_TO_STATION,,,,"{'station_id': 'osm_11542817290', 'target_edge': '-694991477#1'}",ev_7,,,,,,,,,,reroute_to_station,15
,,reroute_to_station,,,,osm_11542817290,-694991477#1,,,ev_7,,,,,,,,,,,15
,,arrived_at_station,,-36054475#1,,osm_9202909866,,,,ev_8,,,,,,,,,,,41
,,charging_started,,,,osm_9202909866,,22.0,,ev_8,15.0,osm_9202909866_p1,,292.72160321624494,,,3292,13.76,,,41
ROUTING_TO_STATION,,lifecycle_state_transition,,,CHARGING,,,,"{'station_id': 'osm_9202909866', 'port_id': 'osm_9202909866_p1'}",ev_8,,,,,,,,,,charging_started,41
,,charging_progress,,,,osm_9202909866,,,,ev_8,,osm_9202909866_p1,1.8333,,,,,14.16,,,60
,,charging_progress,,,,osm_9202909866,,,,ev_8,,osm_9202909866_p1,3.6667,,,,,14.57,,,80
,,charging_progress,,,,osm_9202909866,,,,ev_8,,osm_9202909866_p1,5.5,,,,,14.98,,,100
,,charging_progress,,,,osm_9202909866,,,,ev_8,,osm_9202909866_p1,7.3333,,,,,15.39,,,120
,,charging_progress,,,,osm_9202909866,,,,ev_8,,osm_9202909866_p1,9.1667,,,,,15.79,,,140
,,arrived_at_station,,1159872649#2,,osm_11927677057,,,,ev_5,,,,,,,,,,,144
,,charging_started,,,,osm_11927677057,,22.0,,ev_5,12.0,osm_11927677057_p1,,468.0695655660445,,,6592,14.32,,,144
ROUTING_TO_STATION,,lifecycle_state_transition,,,CHARGING,,,,"{'station_id': 'osm_11927677057', 'port_id': 'osm_11927677057_p1'}",ev_5,,,,,,,,,,charging_started,144
,,arrived_at_station,,1159872649#2,,osm_11927677057,,,,ev_2,,,,,,,,,,,144
,,charging_started,,,,osm_11927677057,,22.0,,ev_2,12.0,osm_11927677057_p2,,468.0296798571488,,,6597,14.26,,,144
ROUTING_TO_STATION,,lifecycle_state_transition,,,CHARGING,,,,"{'station_id': 'osm_11927677057', 'port_id': 'osm_11927677057_p2'}",ev_2,,,,,,,,,,charging_started,144
,,arrived_at_station,,-694991477#1,,osm_11542817290,,,,ev_6,,,,,,,,,,,151
,,charging_started,,,,osm_11542817290,,22.0,,ev_6,16.0,osm_11542817290_p1,,312.08853990434227,,,3446,12.87,,,151
ROUTING_TO_STATION,,lifecycle_state_transition,,,CHARGING,,,,"{'station_id': 'osm_11542817290', 'port_id': 'osm_11542817290_p1'}",ev_6,,,,,,,,,,charging_started,151
,,charging_progress,,,,osm_9202909866,,,,ev_8,,osm_9202909866_p1,11.0,,,,,16.2,,,160
,,charging_progress,,,,osm_11927677057,,,,ev_5,,osm_11927677057_p1,1.2467,,,,,14.48,,,160
,,charging_progress,,,,osm_11927677057,,,,ev_2,,osm_11927677057_p2,1.2467,,,,,14.42,,,160
,,charging_progress,,,,osm_11542817290,,,,ev_6,,osm_11542817290_p1,0.9778,,,,,13.07,,,160
,,charging_progress,,,,osm_9202909866,,,,ev_8,,osm_9202909866_p1,12.8333,,,,,16.61,,,180
,,charging_progress,,,,osm_11927677057,,,,ev_5,,osm_11927677057_p1,2.7133,,,,,14.68,,,180
,,charging_progress,,,,osm_11927677057,,,,ev_2,,osm_11927677057_p2,2.7133,,,,,14.63,,,180
,,charging_progress,,,,osm_11542817290,,,,ev_6,,osm_11542817290_p1,2.9333,,,,,13.48,,,180
,,charging_progress,,,,osm_9202909866,,,,ev_8,,osm_9202909866_p1,14.6667,,,,,17.02,,,200
,,charging_progress,,,,osm_11927677057,,,,ev_5,,osm_11927677057_p1,4.18,,,,,14.88,,,200
,,charging_progress,,,,osm_11927677057,,,,ev_2,,osm_11927677057_p2,4.18,,,,,14.83,,,200
,,charging_progress,,,,osm_11542817290,,,,ev_6,,osm_11542817290_p1,4.8889,,,,,13.88,,,200
,,charging_progress,,,,osm_9202909866,,,,ev_8,,osm_9202909866_p1,16.5,,,,,17.42,,,220
,,charging_progress,,,,osm_11927677057,,,,ev_5,,osm_11927677057_p1,5.6467,,,,,15.09,,,220
,,charging_progress,,,,osm_11927677057,,,,ev_2,,osm_11927677057_p2,5.6467,,,,,15.04,,,220
,,charging_progress,,,,osm_11542817290,,,,ev_6,,osm_11542817290_p1,6.8444,,,,,14.29,,,220
,,charging_progress,,,,osm_9202909866,,,,ev_8,,osm_9202909866_p1,18.3333,,,,,17.83,,,240
,,charging_progress,,,,osm_11927677057,,,,ev_5,,osm_11927677057_p1,7.1133,,,,,15.29,,,240
,,charging_progress,,,,osm_11927677057,,,,ev_2,,osm_11927677057_p2,7.1133,,,,,15.24,,,240
,,charging_progress,,,,osm_11542817290,,,,ev_6,,osm_11542817290_p1,8.8,,,,,14.7,,,240
,,charging_progress,,,,osm_9202909866,,,,ev_8,,osm_9202909866_p1,20.1667,,,,,18.24,,,260
,,charging_progress,,,,osm_11927677057,,,,ev_5,,osm_11927677057_p1,8.58,,,,,15.5,,,260
,,charging_progress,,,,osm_11927677057,,,,ev_2,,osm_11927677057_p2,8.58,,,,,15.44,,,260
,,charging_progress,,,,osm_11542817290,,,,ev_6,,osm_11542817290_p1,10.7556,,,,,15.11,,,260
,,charging_progress,,,,osm_9202909866,,,,ev_8,,osm_9202909866_p1,22.0,,,,,18.64,,,280
,,charging_progress,,,,osm_11927677057,,,,ev_5,,osm_11927677057_p1,10.0467,,,,,15.7,,,280
,,charging_progress,,,,osm_11927677057,,,,ev_2,,osm_11927677057_p2,10.0467,,,,,15.65,,,280
,,charging_progress,,,,osm_11542817290,,,,ev_6,,osm_11542817290_p1,12.7111,,,,,15.51,,,280
,,arrived_at_station,,1159872649#2,,osm_11927677057,,,,ev_9,,,,,,,,,,,295
,,queue_joined,1,,,osm_11927677057,,,,ev_9,,,,,,,,,,,295
ROUTING_TO_STATION,,lifecycle_state_transition,,,QUEUED,,,,"{'station_id': 'osm_11927677057', 'queue_position': 1}",ev_9,,,,,,,,,,queue_joined,295
,,charging_progress,,,,osm_9202909866,,,,ev_8,,osm_9202909866_p1,23.8333,,,,,19.05,,,300
,,charging_progress,,,,osm_11927677057,,,,ev_5,,osm_11927677057_p1,11.5133,,,,,15.9,,,300
,,charging_progress,,,,osm_11927677057,,,,ev_2,,osm_11927677057_p2,11.5133,,,,,15.85,,,300
,,charging_progress,,,,osm_11542817290,,,,ev_6,,osm_11542817290_p1,14.6667,,,,,15.92,,,300
,,charging_progress,,,,osm_9202909866,,,,ev_8,,osm_9202909866_p1,25.6667,,,,,19.46,,,320
,,charging_progress,,,,osm_11927677057,,,,ev_5,,osm_11927677057_p1,12.98,,,,,16.11,,,320
,,charging_progress,,,,osm_11927677057,,,,ev_2,,osm_11927677057_p2,12.98,,,,,16.05,,,320
,,charging_progress,,,,osm_11542817290,,,,ev_6,,osm_11542817290_p1,16.6222,,,,,16.33,,,320
,,charging_progress,,,,osm_9202909866,,,,ev_8,,osm_9202909866_p1,27.5,,,,,19.87,,,340
,,charging_progress,,,,osm_11927677057,,,,ev_5,,osm_11927677057_p1,14.4467,,,,,16.31,,,340
,,charging_progress,,,,osm_11927677057,,,,ev_2,,osm_11927677057_p2,14.4467,,,,,16.26,,,340
,,charging_progress,,,,osm_11542817290,,,,ev_6,,osm_11542817290_p1,18.5778,,,,,16.74,,,340
,,charging_progress,,,,osm_9202909866,,,,ev_8,,osm_9202909866_p1,29.3333,,,,,20.27,,,360
,,charging_progress,,,,osm_11927677057,,,,ev_5,,osm_11927677057_p1,15.9133,,,,,16.51,,,360
,,charging_progress,,,,osm_11927677057,,,,ev_2,,osm_11927677057_p2,15.9133,,,,,16.46,,,360
,,charging_progress,,,,osm_11542817290,,,,ev_6,,osm_11542817290_p1,20.5333,,,,,17.14,,,360
,,charging_progress,,,,osm_9202909866,,,,ev_8,,osm_9202909866_p1,31.1667,,,,,20.68,,,380
,,charging_progress,,,,osm_11927677057,,,,ev_5,,osm_11927677057_p1,17.38,,,,,16.72,,,380
,,charging_progress,,,,osm_11927677057,,,,ev_2,,osm_11927677057_p2,17.38,,,,,16.66,,,380
,,charging_progress,,,,osm_11542817290,,,,ev_6,,osm_11542817290_p1,22.4889,,,,,17.55,,,380
,,charging_progress,,,,osm_9202909866,,,,ev_8,,osm_9202909866_p1,33.0,,,,,21.09,,,400
,,charging_progress,,,,osm_11927677057,,,,ev_5,,osm_11927677057_p1,18.8467,,,,,16.92,,,400
,,charging_progress,,,,osm_11927677057,,,,ev_2,,osm_11927677057_p2,18.8467,,,,,16.87,,,400
,,charging_progress,,,,osm_11542817290,,,,ev_6,,osm_11542817290_p1,24.4444,,,,,17.96,,,400
,,charging_progress,,,,osm_9202909866,,,,ev_8,,osm_9202909866_p1,34.8333,,,,,21.5,,,420
,,charging_progress,,,,osm_11927677057,,,,ev_5,,osm_11927677057_p1,20.3133,,,,,17.13,,,420
,,charging_progress,,,,osm_11927677057,,,,ev_2,,osm_11927677057_p2,20.3133,,,,,17.07,,,420
,,charging_progress,,,,osm_11542817290,,,,ev_6,,osm_11542817290_p1,26.4,,,,,18.37,,,420
,,charging_progress,,,,osm_9202909866,,,,ev_8,,osm_9202909866_p1,36.6667,,,,,21.9,,,440
,,charging_progress,,,,osm_11927677057,,,,ev_5,,osm_11927677057_p1,21.78,,,,,17.33,,,440
,,charging_progress,,,,osm_11927677057,,,,ev_2,,osm_11927677057_p2,21.78,,,,,17.28,,,440
,,charging_progress,,,,osm_11542817290,,,,ev_6,,osm_11542817290_p1,28.3556,,,,,18.77,,,440
,,charging_progress,,,,osm_9202909866,,,,ev_8,,osm_9202909866_p1,38.5,,,,,22.31,,,460
,,charging_progress,,,,osm_11927677057,,,,ev_5,,osm_11927677057_p1,23.2467,,,,,17.53,,,460
,,charging_progress,,,,osm_11927677057,,,,ev_2,,osm_11927677057_p2,23.2467,,,,,17.48,,,460
,,charging_progress,,,,osm_11542817290,,,,ev_6,,osm_11542817290_p1,30.3111,,,,,19.18,,,460
,,charging_progress,,,,osm_9202909866,,,,ev_8,,osm_9202909866_p1,40.3333,,,,,22.72,,,480
,,charging_progress,,,,osm_11927677057,,,,ev_5,,osm_11927677057_p1,24.7133,,,,,17.74,,,480
,,charging_progress,,,,osm_11927677057,,,,ev_2,,osm_11927677057_p2,24.7133,,,,,17.68,,,480
,,charging_progress,,,,osm_11542817290,,,,ev_6,,osm_11542817290_p1,32.2667,,,,,19.59,,,480
,,charging_progress,,,,osm_9202909866,,,,ev_8,,osm_9202909866_p1,42.1667,,,,,23.13,,,500
,,charging_progress,,,,osm_11927677057,,,,ev_5,,osm_11927677057_p1,26.18,,,,,17.94,,,500
,,charging_progress,,,,osm_11927677057,,,,ev_2,,osm_11927677057_p2,26.18,,,,,17.89,,,500
,,charging_progress,,,,osm_11542817290,,,,ev_6,,osm_11542817290_p1,34.2222,,,,,20.0,,,500
,,charging_progress,,,,osm_9202909866,,,,ev_8,,osm_9202909866_p1,44.0,,,,,23.53,,,520
,,charging_progress,,,,osm_11927677057,,,,ev_5,,osm_11927677057_p1,27.6467,,,,,18.14,,,520
,,charging_progress,,,,osm_11927677057,,,,ev_2,,osm_11927677057_p2,27.6467,,,,,18.09,,,520
,,charging_progress,,,,osm_11542817290,,,,ev_6,,osm_11542817290_p1,36.1778,,,,,20.4,,,520
,,charging_progress,,,,osm_9202909866,,,,ev_8,,osm_9202909866_p1,45.8333,,,,,23.94,,,540
,,charging_progress,,,,osm_11927677057,,,,ev_5,,osm_11927677057_p1,29.1133,,,,,18.35,,,540
,,charging_progress,,,,osm_11927677057,,,,ev_2,,osm_11927677057_p2,29.1133,,,,,18.29,,,540
,,charging_progress,,,,osm_11542817290,,,,ev_6,,osm_11542817290_p1,38.1333,,,,,20.81,,,540
,,charging_progress,,,,osm_9202909866,,,,ev_8,,osm_9202909866_p1,47.6667,,,,,24.35,,,560
,,charging_progress,,,,osm_11927677057,,,,ev_5,,osm_11927677057_p1,30.58,,,,,18.55,,,560
,,charging_progress,,,,osm_11927677057,,,,ev_2,,osm_11927677057_p2,30.58,,,,,18.5,,,560
,,charging_progress,,,,osm_11542817290,,,,ev_6,,osm_11542817290_p1,40.0889,,,,,21.22,,,560
,,charging_progress,,,,osm_9202909866,,,,ev_8,,osm_9202909866_p1,49.5,,,,,24.76,,,580
,,charging_progress,,,,osm_11927677057,,,,ev_5,,osm_11927677057_p1,32.0467,,,,,18.76,,,580
,,charging_progress,,,,osm_11927677057,,,,ev_2,,osm_11927677057_p2,32.0467,,,,,18.7,,,580
,,charging_progress,,,,osm_11542817290,,,,ev_6,,osm_11542817290_p1,42.0444,,,,,21.63,,,580
,,charging_progress,,,,osm_9202909866,,,,ev_8,,osm_9202909866_p1,51.3333,,,,,25.16,,,600
,,charging_progress,,,,osm_11927677057,,,,ev_5,,osm_11927677057_p1,33.5133,,,,,18.96,,,600
,,charging_progress,,,,osm_11927677057,,,,ev_2,,osm_11927677057_p2,33.5133,,,,,18.91,,,600
,,charging_progress,,,,osm_11542817290,,,,ev_6,,osm_11542817290_p1,44.0,,,,,22.03,,,600
,,charging_progress,,,,osm_9202909866,,,,ev_8,,osm_9202909866_p1,53.1667,,,,,25.57,,,620
,,charging_progress,,,,osm_11927677057,,,,ev_5,,osm_11927677057_p1,34.98,,,,,19.16,,,620
,,charging_progress,,,,osm_11927677057,,,,ev_2,,osm_11927677057_p2,34.98,,,,,19.11,,,620
,,charging_progress,,,,osm_11542817290,,,,ev_6,,osm_11542817290_p1,45.9556,,,,,22.44,,,620
,,charging_progress,,,,osm_9202909866,,,,ev_8,,osm_9202909866_p1,55.0,,,,,25.98,,,640
,,charging_progress,,,,osm_11927677057,,,,ev_5,,osm_11927677057_p1,36.4467,,,,,19.37,,,640
,,charging_progress,,,,osm_11927677057,,,,ev_2,,osm_11927677057_p2,36.4467,,,,,19.31,,,640
,,charging_progress,,,,osm_11542817290,,,,ev_6,,osm_11542817290_p1,47.9111,,,,,22.85,,,640
,,charging_progress,,,,osm_9202909866,,,,ev_8,,osm_9202909866_p1,56.8333,,,,,26.39,,,660
,,charging_progress,,,,osm_11927677057,,,,ev_5,,osm_11927677057_p1,37.9133,,,,,19.57,,,660
,,charging_progress,,,,osm_11927677057,,,,ev_2,,osm_11927677057_p2,37.9133,,,,,19.52,,,660
,,charging_progress,,,,osm_11542817290,,,,ev_6,,osm_11542817290_p1,49.8667,,,,,23.25,,,660
,,charging_progress,,,,osm_9202909866,,,,ev_8,,osm_9202909866_p1,58.6667,,,,,26.79,,,680
,,charging_progress,,,,osm_11927677057,,,,ev_5,,osm_11927677057_p1,39.38,,,,,19.77,,,680
,,charging_progress,,,,osm_11927677057,,,,ev_2,,osm_11927677057_p2,39.38,,,,,19.72,,,680
,,charging_progress,,,,osm_11542817290,,,,ev_6,,osm_11542817290_p1,51.8222,,,,,23.66,,,680
,,charging_progress,,,,osm_9202909866,,,,ev_8,,osm_9202909866_p1,60.5,,,,,27.2,,,700
,,charging_progress,,,,osm_11927677057,,,,ev_5,,osm_11927677057_p1,40.8467,,,,,19.98,,,700
,,charging_progress,,,,osm_11927677057,,,,ev_2,,osm_11927677057_p2,40.8467,,,,,19.92,,,700
,,charging_progress,,,,osm_11542817290,,,,ev_6,,osm_11542817290_p1,53.7778,,,,,24.07,,,700
,,charging_progress,,,,osm_9202909866,,,,ev_8,,osm_9202909866_p1,62.3333,,,,,27.61,,,720
,,charging_progress,,,,osm_11927677057,,,,ev_5,,osm_11927677057_p1,42.3133,,,,,20.18,,,720
,,charging_progress,,,,osm_11927677057,,,,ev_2,,osm_11927677057_p2,42.3133,,,,,20.13,,,720
,,charging_progress,,,,osm_11542817290,,,,ev_6,,osm_11542817290_p1,55.7333,,,,,24.48,,,720
,,charging_progress,,,,osm_9202909866,,,,ev_8,,osm_9202909866_p1,64.1667,,,,,28.02,,,740
,,charging_progress,,,,osm_11927677057,,,,ev_5,,osm_11927677057_p1,43.78,,,,,20.38,,,740
,,charging_progress,,,,osm_11927677057,,,,ev_2,,osm_11927677057_p2,43.78,,,,,20.33,,,740
,,charging_progress,,,,osm_11542817290,,,,ev_6,,osm_11542817290_p1,57.6889,,,,,24.88,,,740
,,charging_progress,,,,osm_9202909866,,,,ev_8,,osm_9202909866_p1,66.0,,,,,28.42,,,760
,,charging_progress,,,,osm_11927677057,,,,ev_5,,osm_11927677057_p1,45.2467,,,,,20.59,,,760
,,charging_progress,,,,osm_11927677057,,,,ev_2,,osm_11927677057_p2,45.2467,,,,,20.54,,,760
,,charging_progress,,,,osm_11542817290,,,,ev_6,,osm_11542817290_p1,59.6444,,,,,25.29,,,760
,,charging_progress,,,,osm_9202909866,,,,ev_8,,osm_9202909866_p1,67.8333,,,,,28.83,,,780
,,charging_progress,,,,osm_11927677057,,,,ev_5,,osm_11927677057_p1,46.7133,,,,,20.79,,,780
,,charging_progress,,,,osm_11927677057,,,,ev_2,,osm_11927677057_p2,46.7133,,,,,20.74,,,780
,,charging_progress,,,,osm_11542817290,,,,ev_6,,osm_11542817290_p1,61.6,,,,,25.7,,,780
,,charging_progress,,,,osm_9202909866,,,,ev_8,,osm_9202909866_p1,69.6667,,,,,29.24,,,800
,,charging_progress,,,,osm_11927677057,,,,ev_5,,osm_11927677057_p1,48.18,,,,,21.0,,,800
,,charging_progress,,,,osm_11927677057,,,,ev_2,,osm_11927677057_p2,48.18,,,,,20.94,,,800
,,charging_progress,,,,osm_11542817290,,,,ev_6,,osm_11542817290_p1,63.5556,,,,,26.11,,,800
,,charging_progress,,,,osm_9202909866,,,,ev_8,,osm_9202909866_p1,71.5,,,,,29.64,,,820
,,charging_progress,,,,osm_11927677057,,,,ev_5,,osm_11927677057_p1,49.6467,,,,,21.2,,,820
,,charging_progress,,,,osm_11927677057,,,,ev_2,,osm_11927677057_p2,49.6467,,,,,21.15,,,820
,,charging_progress,,,,osm_11542817290,,,,ev_6,,osm_11542817290_p1,65.5111,,,,,26.51,,,820
,,charging_progress,,,,osm_9202909866,,,,ev_8,,osm_9202909866_p1,73.3333,,,,,30.05,,,840
,,charging_progress,,,,osm_11927677057,,,,ev_5,,osm_11927677057_p1,51.1133,,,,,21.4,,,840
,,charging_progress,,,,osm_11927677057,,,,ev_2,,osm_11927677057_p2,51.1133,,,,,21.35,,,840
,,charging_progress,,,,osm_11542817290,,,,ev_6,,osm_11542817290_p1,67.4667,,,,,26.92,,,840
,,charging_progress,,,,osm_9202909866,,,,ev_8,,osm_9202909866_p1,75.1667,,,,,30.46,,,860
,,charging_progress,,,,osm_11927677057,,,,ev_5,,osm_11927677057_p1,52.58,,,,,21.61,,,860
,,charging_progress,,,,osm_11927677057,,,,ev_2,,osm_11927677057_p2,52.58,,,,,21.55,,,860
,,charging_progress,,,,osm_11542817290,,,,ev_6,,osm_11542817290_p1,69.4222,,,,,27.33,,,860
,,charging_progress,,,,osm_9202909866,,,,ev_8,,osm_9202909866_p1,77.0,,,,,30.87,,,880
,,charging_progress,,,,osm_11927677057,,,,ev_5,,osm_11927677057_p1,54.0467,,,,,21.81,,,880
,,charging_progress,,,,osm_11927677057,,,,ev_2,,osm_11927677057_p2,54.0467,,,,,21.76,,,880
,,charging_progress,,,,osm_11542817290,,,,ev_6,,osm_11542817290_p1,71.3778,,,,,27.74,,,880
,,charging_progress,,,,osm_9202909866,,,,ev_8,,osm_9202909866_p1,78.8333,,,,,31.27,,,900
,,charging_progress,,,,osm_11927677057,,,,ev_5,,osm_11927677057_p1,55.5133,,,,,22.01,,,900
,,charging_progress,,,,osm_11927677057,,,,ev_2,,osm_11927677057_p2,55.5133,,,,,21.96,,,900
,,charging_progress,,,,osm_11542817290,,,,ev_6,,osm_11542817290_p1,73.3333,,,,,28.14,,,900
,,charging_progress,,,,osm_9202909866,,,,ev_8,,osm_9202909866_p1,80.6667,,,,,31.68,,,920
,,charging_progress,,,,osm_11927677057,,,,ev_5,,osm_11927677057_p1,56.98,,,,,22.22,,,920
,,charging_progress,,,,osm_11927677057,,,,ev_2,,osm_11927677057_p2,56.98,,,,,22.16,,,920
,,charging_progress,,,,osm_11542817290,,,,ev_6,,osm_11542817290_p1,75.2889,,,,,28.55,,,920
,,charging_progress,,,,osm_9202909866,,,,ev_8,,osm_9202909866_p1,82.5,,,,,32.09,,,940
,,charging_progress,,,,osm_11927677057,,,,ev_5,,osm_11927677057_p1,58.4467,,,,,22.42,,,940
,,charging_progress,,,,osm_11927677057,,,,ev_2,,osm_11927677057_p2,58.4467,,,,,22.37,,,940
,,charging_progress,,,,osm_11542817290,,,,ev_6,,osm_11542817290_p1,77.2444,,,,,28.96,,,940
,,charging_progress,,,,osm_9202909866,,,,ev_8,,osm_9202909866_p1,84.3333,,,,,32.5,,,960
,,charging_progress,,,,osm_11927677057,,,,ev_5,,osm_11927677057_p1,59.9133,,,,,22.63,,,960
,,charging_progress,,,,osm_11927677057,,,,ev_2,,osm_11927677057_p2,59.9133,,,,,22.57,,,960
,,charging_progress,,,,osm_11542817290,,,,ev_6,,osm_11542817290_p1,79.2,,,,,29.37,,,960
,,charging_progress,,,,osm_9202909866,,,,ev_8,,osm_9202909866_p1,86.1667,,,,,32.9,,,980
,,charging_progress,,,,osm_11927677057,,,,ev_5,,osm_11927677057_p1,61.38,,,,,22.83,,,980
,,charging_progress,,,,osm_11927677057,,,,ev_2,,osm_11927677057_p2,61.38,,,,,22.78,,,980
,,charging_progress,,,,osm_11542817290,,,,ev_6,,osm_11542817290_p1,81.1556,,,,,29.77,,,980
,,charging_progress,,,,osm_9202909866,,,,ev_8,,osm_9202909866_p1,88.0,,,,,33.31,,,1000
,,charging_progress,,,,osm_11927677057,,,,ev_5,,osm_11927677057_p1,62.8467,,,,,23.03,,,1000
,,charging_progress,,,,osm_11927677057,,,,ev_2,,osm_11927677057_p2,62.8467,,,,,22.98,,,1000
,,charging_progress,,,,osm_11542817290,,,,ev_6,,osm_11542817290_p1,83.1111,,,,,30.18,,,1000
,,charging_progress,,,,osm_9202909866,,,,ev_8,,osm_9202909866_p1,89.8333,,,,,33.72,,,1020
,,charging_progress,,,,osm_11927677057,,,,ev_5,,osm_11927677057_p1,64.3133,,,,,23.24,,,1020
,,charging_progress,,,,osm_11927677057,,,,ev_2,,osm_11927677057_p2,64.3133,,,,,23.18,,,1020
,,charging_progress,,,,osm_11542817290,,,,ev_6,,osm_11542817290_p1,85.0667,,,,,30.59,,,1020
,,charging_progress,,,,osm_9202909866,,,,ev_8,,osm_9202909866_p1,91.6667,,,,,34.13,,,1040
,,charging_progress,,,,osm_11927677057,,,,ev_5,,osm_11927677057_p1,65.78,,,,,23.44,,,1040
,,charging_progress,,,,osm_11927677057,,,,ev_2,,osm_11927677057_p2,65.78,,,,,23.39,,,1040
,,charging_progress,,,,osm_11542817290,,,,ev_6,,osm_11542817290_p1,87.0222,,,,,31.0,,,1040
,,charging_progress,,,,osm_9202909866,,,,ev_8,,osm_9202909866_p1,93.5,,,,,34.53,,,1060
,,charging_progress,,,,osm_11927677057,,,,ev_5,,osm_11927677057_p1,67.2467,,,,,23.64,,,1060
,,charging_progress,,,,osm_11927677057,,,,ev_2,,osm_11927677057_p2,67.2467,,,,,23.59,,,1060
,,charging_progress,,,,osm_11542817290,,,,ev_6,,osm_11542817290_p1,88.9778,,,,,31.4,,,1060
,,charging_progress,,,,osm_9202909866,,,,ev_8,,osm_9202909866_p1,95.3333,,,,,34.94,,,1080
,,charging_progress,,,,osm_11927677057,,,,ev_5,,osm_11927677057_p1,68.7133,,,,,23.85,,,1080
,,charging_progress,,,,osm_11927677057,,,,ev_2,,osm_11927677057_p2,68.7133,,,,,23.79,,,1080
,,charging_progress,,,,osm_11542817290,,,,ev_6,,osm_11542817290_p1,90.9333,,,,,31.81,,,1080
,,charging_progress,,,,osm_9202909866,,,,ev_8,,osm_9202909866_p1,97.1667,,,,,35.35,,,1100
,,charging_progress,,,,osm_11927677057,,,,ev_5,,osm_11927677057_p1,70.18,,,,,24.05,,,1100
,,charging_progress,,,,osm_11927677057,,,,ev_2,,osm_11927677057_p2,70.18,,,,,24.0,,,1100
,,charging_progress,,,,osm_11542817290,,,,ev_6,,osm_11542817290_p1,92.8889,,,,,32.22,,,1100
,,charging_progress,,,,osm_9202909866,,,,ev_8,,osm_9202909866_p1,99.0,,,,,35.76,,,1120
,,charging_progress,,,,osm_11927677057,,,,ev_5,,osm_11927677057_p1,71.6467,,,,,24.26,,,1120
,,charging_progress,,,,osm_11927677057,,,,ev_2,,osm_11927677057_p2,71.6467,,,,,24.2,,,1120
,,charging_progress,,,,osm_11542817290,,,,ev_6,,osm_11542817290_p1,94.8444,,,,,32.63,,,1120
,,charging_progress,,,,osm_9202909866,,,,ev_8,,osm_9202909866_p1,100.8333,,,,,36.16,,,1140
,,charging_progress,,,,osm_11927677057,,,,ev_5,,osm_11927677057_p1,73.1133,,,,,24.46,,,1140
,,charging_progress,,,,osm_11927677057,,,,ev_2,,osm_11927677057_p2,73.1133,,,,,24.41,,,1140
,,charging_progress,,,,osm_11542817290,,,,ev_6,,osm_11542817290_p1,96.8,,,,,33.03,,,1140
,,charging_progress,,,,osm_9202909866,,,,ev_8,,osm_9202909866_p1,102.6667,,,,,36.57,,,1160
,,charging_progress,,,,osm_11927677057,,,,ev_5,,osm_11927677057_p1,74.58,,,,,24.66,,,1160
,,charging_progress,,,,osm_11927677057,,,,ev_2,,osm_11927677057_p2,74.58,,,,,24.61,,,1160
,,charging_progress,,,,osm_11542817290,,,,ev_6,,osm_11542817290_p1,98.7556,,,,,33.44,,,1160
,,charging_progress,,,,osm_9202909866,,,,ev_8,,osm_9202909866_p1,104.5,,,,,36.98,,,1180
,,charging_progress,,,,osm_11927677057,,,,ev_5,,osm_11927677057_p1,76.0467,,,,,24.87,,,1180
,,charging_progress,,,,osm_11927677057,,,,ev_2,,osm_11927677057_p2,76.0467,,,,,24.81,,,1180
,,charging_progress,,,,osm_11542817290,,,,ev_6,,osm_11542817290_p1,100.7111,,,,,33.85,,,1180
,,charging_progress,,,,osm_9202909866,,,,ev_8,,osm_9202909866_p1,106.3333,,,,,37.39,,,1200
,,charging_progress,,,,osm_11927677057,,,,ev_5,,osm_11927677057_p1,77.5133,,,,,25.07,,,1200
,,charging_progress,,,,osm_11927677057,,,,ev_2,,osm_11927677057_p2,77.5133,,,,,25.02,,,1200
,,charging_progress,,,,osm_11542817290,,,,ev_6,,osm_11542817290_p1,102.6667,,,,,34.25,,,1200
,,charging_progress,,,,osm_9202909866,,,,ev_8,,osm_9202909866_p1,108.1667,,,,,37.79,,,1220
,,charging_progress,,,,osm_11927677057,,,,ev_5,,osm_11927677057_p1,78.98,,,,,25.27,,,1220
,,charging_progress,,,,osm_11927677057,,,,ev_2,,osm_11927677057_p2,78.98,,,,,25.22,,,1220
,,charging_progress,,,,osm_11542817290,,,,ev_6,,osm_11542817290_p1,104.6222,,,,,34.66,,,1220
,,charging_progress,,,,osm_9202909866,,,,ev_8,,osm_9202909866_p1,110.0,,,,,38.2,,,1240
,,charging_progress,,,,osm_11927677057,,,,ev_5,,osm_11927677057_p1,80.4467,,,,,25.48,,,1240
,,charging_progress,,,,osm_11927677057,,,,ev_2,,osm_11927677057_p2,80.4467,,,,,25.42,,,1240
,,charging_progress,,,,osm_11542817290,,,,ev_6,,osm_11542817290_p1,106.5778,,,,,35.07,,,1240
,,charging_progress,,,,osm_9202909866,,,,ev_8,,osm_9202909866_p1,111.8333,,,,,38.61,,,1260
,,charging_progress,,,,osm_11927677057,,,,ev_5,,osm_11927677057_p1,81.9133,,,,,25.68,,,1260
,,charging_progress,,,,osm_11927677057,,,,ev_2,,osm_11927677057_p2,81.9133,,,,,25.63,,,1260
,,charging_progress,,,,osm_11542817290,,,,ev_6,,osm_11542817290_p1,108.5333,,,,,35.48,,,1260
,,charging_progress,,,,osm_9202909866,,,,ev_8,,osm_9202909866_p1,113.6667,,,,,39.02,,,1280
,,charging_progress,,,,osm_11927677057,,,,ev_5,,osm_11927677057_p1,83.38,,,,,25.88,,,1280
,,charging_progress,,,,osm_11927677057,,,,ev_2,,osm_11927677057_p2,83.38,,,,,25.83,,,1280
,,charging_progress,,,,osm_11542817290,,,,ev_6,,osm_11542817290_p1,110.4889,,,,,35.88,,,1280
,,charging_progress,,,,osm_9202909866,,,,ev_8,,osm_9202909866_p1,115.5,,,,,39.42,,,1300
,,charging_progress,,,,osm_11927677057,,,,ev_5,,osm_11927677057_p1,84.8467,,,,,26.09,,,1300
,,charging_progress,,,,osm_11927677057,,,,ev_2,,osm_11927677057_p2,84.8467,,,,,26.04,,,1300
,,charging_progress,,,,osm_11542817290,,,,ev_6,,osm_11542817290_p1,112.4444,,,,,36.29,,,1300
,,charging_progress,,,,osm_9202909866,,,,ev_8,,osm_9202909866_p1,117.3333,,,,,39.83,,,1320
,,charging_progress,,,,osm_11927677057,,,,ev_5,,osm_11927677057_p1,86.3133,,,,,26.29,,,1320
,,charging_progress,,,,osm_11927677057,,,,ev_2,,osm_11927677057_p2,86.3133,,,,,26.24,,,1320
,,charging_progress,,,,osm_11542817290,,,,ev_6,,osm_11542817290_p1,114.4,,,,,36.7,,,1320
,,charging_progress,,,,osm_9202909866,,,,ev_8,,osm_9202909866_p1,119.1667,,,,,40.24,,,1340
,,charging_progress,,,,osm_11927677057,,,,ev_5,,osm_11927677057_p1,87.78,,,,,26.5,,,1340
,,charging_progress,,,,osm_11927677057,,,,ev_2,,osm_11927677057_p2,87.78,,,,,26.44,,,1340
,,charging_progress,,,,osm_11542817290,,,,ev_6,,osm_11542817290_p1,116.3556,,,,,37.11,,,1340
,,charging_progress,,,,osm_9202909866,,,,ev_8,,osm_9202909866_p1,121.0,,,,,40.64,,,1360
,,charging_progress,,,,osm_11927677057,,,,ev_5,,osm_11927677057_p1,89.2467,,,,,26.7,,,1360
,,charging_progress,,,,osm_11927677057,,,,ev_2,,osm_11927677057_p2,89.2467,,,,,26.65,,,1360
,,charging_progress,,,,osm_11542817290,,,,ev_6,,osm_11542817290_p1,118.3111,,,,,37.51,,,1360
,,charging_progress,,,,osm_9202909866,,,,ev_8,,osm_9202909866_p1,122.8333,,,,,41.05,,,1380
,,charging_progress,,,,osm_11927677057,,,,ev_5,,osm_11927677057_p1,90.7133,,,,,26.9,,,1380
,,charging_progress,,,,osm_11927677057,,,,ev_2,,osm_11927677057_p2,90.7133,,,,,26.85,,,1380
,,charging_progress,,,,osm_11542817290,,,,ev_6,,osm_11542817290_p1,120.2667,,,,,37.92,,,1380
,,charging_progress,,,,osm_9202909866,,,,ev_8,,osm_9202909866_p1,124.6667,,,,,41.46,,,1400
,,charging_progress,,,,osm_11927677057,,,,ev_5,,osm_11927677057_p1,92.18,,,,,27.11,,,1400
,,charging_progress,,,,osm_11927677057,,,,ev_2,,osm_11927677057_p2,92.18,,,,,27.05,,,1400
,,charging_progress,,,,osm_11542817290,,,,ev_6,,osm_11542817290_p1,122.2222,,,,,38.33,,,1400
,,charging_progress,,,,osm_9202909866,,,,ev_8,,osm_9202909866_p1,126.5,,,,,41.87,,,1420
,,charging_progress,,,,osm_11927677057,,,,ev_5,,osm_11927677057_p1,93.6467,,,,,27.31,,,1420
,,charging_progress,,,,osm_11927677057,,,,ev_2,,osm_11927677057_p2,93.6467,,,,,27.26,,,1420
,,charging_progress,,,,osm_11542817290,,,,ev_6,,osm_11542817290_p1,124.1778,,,,,38.74,,,1420
,,charging_progress,,,,osm_9202909866,,,,ev_8,,osm_9202909866_p1,128.3333,,,,,42.27,,,1440
,,charging_progress,,,,osm_11927677057,,,,ev_5,,osm_11927677057_p1,95.1133,,,,,27.51,,,1440
,,charging_progress,,,,osm_11927677057,,,,ev_2,,osm_11927677057_p2,95.1133,,,,,27.46,,,1440
,,charging_progress,,,,osm_11542817290,,,,ev_6,,osm_11542817290_p1,126.1333,,,,,39.14,,,1440
,,charging_progress,,,,osm_9202909866,,,,ev_8,,osm_9202909866_p1,130.1667,,,,,42.68,,,1460
,,charging_progress,,,,osm_11927677057,,,,ev_5,,osm_11927677057_p1,96.58,,,,,27.72,,,1460
,,charging_progress,,,,osm_11927677057,,,,ev_2,,osm_11927677057_p2,96.58,,,,,27.66,,,1460
,,charging_progress,,,,osm_11542817290,,,,ev_6,,osm_11542817290_p1,128.0889,,,,,39.55,,,1460
,,charging_progress,,,,osm_9202909866,,,,ev_8,,osm_9202909866_p1,132.0,,,,,43.09,,,1480
,,charging_progress,,,,osm_11927677057,,,,ev_5,,osm_11927677057_p1,98.0467,,,,,27.92,,,1480
,,charging_progress,,,,osm_11927677057,,,,ev_2,,osm_11927677057_p2,98.0467,,,,,27.87,,,1480
,,charging_progress,,,,osm_11542817290,,,,ev_6,,osm_11542817290_p1,130.0444,,,,,39.96,,,1480
,,charging_progress,,,,osm_9202909866,,,,ev_8,,osm_9202909866_p1,133.8333,,,,,43.5,,,1500
,,charging_progress,,,,osm_11927677057,,,,ev_5,,osm_11927677057_p1,99.5133,,,,,28.13,,,1500
,,charging_progress,,,,osm_11927677057,,,,ev_2,,osm_11927677057_p2,99.5133,,,,,28.07,,,1500
,,charging_progress,,,,osm_11542817290,,,,ev_6,,osm_11542817290_p1,132.0,,,,,40.37,,,1500
,,charging_progress,,,,osm_9202909866,,,,ev_8,,osm_9202909866_p1,135.6667,,,,,43.9,,,1520
,,charging_progress,,,,osm_11927677057,,,,ev_5,,osm_11927677057_p1,100.98,,,,,28.33,,,1520
,,charging_progress,,,,osm_11927677057,,,,ev_2,,osm_11927677057_p2,100.98,,,,,28.28,,,1520
,,charging_progress,,,,osm_11542817290,,,,ev_6,,osm_11542817290_p1,133.9556,,,,,40.77,,,1520
,,charging_progress,,,,osm_9202909866,,,,ev_8,,osm_9202909866_p1,137.5,,,,,44.31,,,1540
,,charging_progress,,,,osm_11927677057,,,,ev_5,,osm_11927677057_p1,102.4467,,,,,28.53,,,1540
,,charging_progress,,,,osm_11927677057,,,,ev_2,,osm_11927677057_p2,102.4467,,,,,28.48,,,1540
,,charging_progress,,,,osm_11542817290,,,,ev_6,,osm_11542817290_p1,135.9111,,,,,41.18,,,1540
,,charging_progress,,,,osm_9202909866,,,,ev_8,,osm_9202909866_p1,139.3333,,,,,44.72,,,1560
,,charging_progress,,,,osm_11927677057,,,,ev_5,,osm_11927677057_p1,103.9133,,,,,28.74,,,1560
,,charging_progress,,,,osm_11927677057,,,,ev_2,,osm_11927677057_p2,103.9133,,,,,28.68,,,1560
,,charging_progress,,,,osm_11542817290,,,,ev_6,,osm_11542817290_p1,137.8667,,,,,41.59,,,1560
,,charging_progress,,,,osm_9202909866,,,,ev_8,,osm_9202909866_p1,141.1667,,,,,45.13,,,1580
,,charging_progress,,,,osm_11927677057,,,,ev_5,,osm_11927677057_p1,105.38,,,,,28.94,,,1580
,,charging_progress,,,,osm_11927677057,,,,ev_2,,osm_11927677057_p2,105.38,,,,,28.89,,,1580
,,charging_progress,,,,osm_11542817290,,,,ev_6,,osm_11542817290_p1,139.8222,,,,,42.0,,,1580
,,charging_progress,,,,osm_9202909866,,,,ev_8,,osm_9202909866_p1,143.0,,,,,45.53,,,1600
,,charging_progress,,,,osm_11927677057,,,,ev_5,,osm_11927677057_p1,106.8467,,,,,29.14,,,1600
,,charging_progress,,,,osm_11927677057,,,,ev_2,,osm_11927677057_p2,106.8467,,,,,29.09,,,1600
,,charging_progress,,,,osm_11542817290,,,,ev_6,,osm_11542817290_p1,141.7778,,,,,42.4,,,1600
,,charging_progress,,,,osm_9202909866,,,,ev_8,,osm_9202909866_p1,144.8333,,,,,45.94,,,1620
,,charging_progress,,,,osm_11927677057,,,,ev_5,,osm_11927677057_p1,108.3133,,,,,29.35,,,1620
,,charging_progress,,,,osm_11927677057,,,,ev_2,,osm_11927677057_p2,108.3133,,,,,29.29,,,1620
,,charging_progress,,,,osm_11542817290,,,,ev_6,,osm_11542817290_p1,143.7333,,,,,42.81,,,1620
,,charging_progress,,,,osm_9202909866,,,,ev_8,,osm_9202909866_p1,146.6667,,,,,46.35,,,1640
,,charging_progress,,,,osm_11927677057,,,,ev_5,,osm_11927677057_p1,109.78,,,,,29.55,,,1640
,,charging_progress,,,,osm_11927677057,,,,ev_2,,osm_11927677057_p2,109.78,,,,,29.5,,,1640
,,charging_progress,,,,osm_11542817290,,,,ev_6,,osm_11542817290_p1,145.6889,,,,,43.22,,,1640
,,charging_progress,,,,osm_9202909866,,,,ev_8,,osm_9202909866_p1,148.5,,,,,46.76,,,1660
,,charging_progress,,,,osm_11927677057,,,,ev_5,,osm_11927677057_p1,111.2467,,,,,29.76,,,1660
,,charging_progress,,,,osm_11927677057,,,,ev_2,,osm_11927677057_p2,111.2467,,,,,29.7,,,1660
,,charging_progress,,,,osm_11542817290,,,,ev_6,,osm_11542817290_p1,147.6444,,,,,43.63,,,1660
,,charging_progress,,,,osm_9202909866,,,,ev_8,,osm_9202909866_p1,150.3333,,,,,47.16,,,1680
,,charging_progress,,,,osm_11927677057,,,,ev_5,,osm_11927677057_p1,112.7133,,,,,29.96,,,1680
,,charging_progress,,,,osm_11927677057,,,,ev_2,,osm_11927677057_p2,112.7133,,,,,29.91,,,1680
,,charging_progress,,,,osm_11542817290,,,,ev_6,,osm_11542817290_p1,149.6,,,,,44.03,,,1680
,,charging_progress,,,,osm_9202909866,,,,ev_8,,osm_9202909866_p1,152.1667,,,,,47.57,,,1700
,,charging_progress,,,,osm_11927677057,,,,ev_5,,osm_11927677057_p1,114.18,,,,,30.16,,,1700
,,charging_progress,,,,osm_11927677057,,,,ev_2,,osm_11927677057_p2,114.18,,,,,30.11,,,1700
,,charging_progress,,,,osm_11542817290,,,,ev_6,,osm_11542817290_p1,151.5556,,,,,44.44,,,1700
,,charging_progress,,,,osm_9202909866,,,,ev_8,,osm_9202909866_p1,154.0,,,,,47.98,,,1720
,,charging_progress,,,,osm_11927677057,,,,ev_5,,osm_11927677057_p1,115.6467,,,,,30.37,,,1720
,,charging_progress,,,,osm_11927677057,,,,ev_2,,osm_11927677057_p2,115.6467,,,,,30.31,,,1720
,,charging_progress,,,,osm_11542817290,,,,ev_6,,osm_11542817290_p1,153.5111,,,,,44.85,,,1720
,,charging_progress,,,,osm_9202909866,,,,ev_8,,osm_9202909866_p1,155.8333,,,,,48.39,,,1740
,,charging_progress,,,,osm_11927677057,,,,ev_5,,osm_11927677057_p1,117.1133,,,,,30.57,,,1740
,,charging_progress,,,,osm_11927677057,,,,ev_2,,osm_11927677057_p2,117.1133,,,,,30.52,,,1740
,,charging_progress,,,,osm_11542817290,,,,ev_6,,osm_11542817290_p1,155.4667,,,,,45.25,,,1740
,,charging_progress,,,,osm_9202909866,,,,ev_8,,osm_9202909866_p1,157.6667,,,,,48.79,,,1760
,,charging_progress,,,,osm_11927677057,,,,ev_5,,osm_11927677057_p1,118.58,,,,,30.77,,,1760
,,charging_progress,,,,osm_11927677057,,,,ev_2,,osm_11927677057_p2,118.58,,,,,30.72,,,1760
,,charging_progress,,,,osm_11542817290,,,,ev_6,,osm_11542817290_p1,157.4222,,,,,45.66,,,1760
,,charging_progress,,,,osm_9202909866,,,,ev_8,,osm_9202909866_p1,159.5,,,,,49.2,,,1780
,,charging_progress,,,,osm_11927677057,,,,ev_5,,osm_11927677057_p1,120.0467,,,,,30.98,,,1780
,,charging_progress,,,,osm_11927677057,,,,ev_2,,osm_11927677057_p2,120.0467,,,,,30.92,,,1780
,,charging_progress,,,,osm_11542817290,,,,ev_6,,osm_11542817290_p1,159.3778,,,,,46.07,,,1780
,,charging_progress,,,,osm_9202909866,,,,ev_8,,osm_9202909866_p1,161.3333,,,,,49.61,,,1800
,,charging_progress,,,,osm_11927677057,,,,ev_5,,osm_11927677057_p1,121.5133,,,,,31.18,,,1800
,,charging_progress,,,,osm_11927677057,,,,ev_2,,osm_11927677057_p2,121.5133,,,,,31.13,,,1800
,,charging_progress,,,,osm_11542817290,,,,ev_6,,osm_11542817290_p1,161.3333,,,,,46.48,,,1800
,,charging_progress,,,,osm_9202909866,,,,ev_8,,osm_9202909866_p1,163.1667,,,,,50.02,,,1820
,,charging_progress,,,,osm_11927677057,,,,ev_5,,osm_11927677057_p1,122.98,,,,,31.38,,,1820
,,charging_progress,,,,osm_11927677057,,,,ev_2,,osm_11927677057_p2,122.98,,,,,31.33,,,1820
,,charging_progress,,,,osm_11542817290,,,,ev_6,,osm_11542817290_p1,163.2889,,,,,46.88,,,1820
,,charging_progress,,,,osm_9202909866,,,,ev_8,,osm_9202909866_p1,165.0,,,,,50.42,,,1840
,,charging_progress,,,,osm_11927677057,,,,ev_5,,osm_11927677057_p1,124.4467,,,,,31.59,,,1840
,,charging_progress,,,,osm_11927677057,,,,ev_2,,osm_11927677057_p2,124.4467,,,,,31.54,,,1840
,,charging_progress,,,,osm_11542817290,,,,ev_6,,osm_11542817290_p1,165.2444,,,,,47.29,,,1840
,,charging_progress,,,,osm_9202909866,,,,ev_8,,osm_9202909866_p1,166.8333,,,,,50.83,,,1860
,,charging_progress,,,,osm_11927677057,,,,ev_5,,osm_11927677057_p1,125.9133,,,,,31.79,,,1860
,,charging_progress,,,,osm_11927677057,,,,ev_2,,osm_11927677057_p2,125.9133,,,,,31.74,,,1860
,,charging_progress,,,,osm_11542817290,,,,ev_6,,osm_11542817290_p1,167.2,,,,,47.7,,,1860
,,charging_progress,,,,osm_9202909866,,,,ev_8,,osm_9202909866_p1,168.6667,,,,,51.24,,,1880
,,charging_progress,,,,osm_11927677057,,,,ev_5,,osm_11927677057_p1,127.38,,,,,32.0,,,1880
,,charging_progress,,,,osm_11927677057,,,,ev_2,,osm_11927677057_p2,127.38,,,,,31.94,,,1880
,,charging_progress,,,,osm_11542817290,,,,ev_6,,osm_11542817290_p1,169.1556,,,,,48.11,,,1880
,,charging_progress,,,,osm_9202909866,,,,ev_8,,osm_9202909866_p1,170.5,,,,,51.64,,,1900
,,charging_progress,,,,osm_11927677057,,,,ev_5,,osm_11927677057_p1,128.8467,,,,,32.2,,,1900
,,charging_progress,,,,osm_11927677057,,,,ev_2,,osm_11927677057_p2,128.8467,,,,,32.15,,,1900
,,charging_progress,,,,osm_11542817290,,,,ev_6,,osm_11542817290_p1,171.1111,,,,,48.51,,,1900
,,charging_progress,,,,osm_9202909866,,,,ev_8,,osm_9202909866_p1,172.3333,,,,,52.05,,,1920
,,charging_progress,,,,osm_11927677057,,,,ev_5,,osm_11927677057_p1,130.3133,,,,,32.4,,,1920
,,charging_progress,,,,osm_11927677057,,,,ev_2,,osm_11927677057_p2,130.3133,,,,,32.35,,,1920
,,charging_progress,,,,osm_11542817290,,,,ev_6,,osm_11542817290_p1,173.0667,,,,,48.92,,,1920
,,charging_progress,,,,osm_9202909866,,,,ev_8,,osm_9202909866_p1,174.1667,,,,,52.46,,,1940
,,charging_progress,,,,osm_11927677057,,,,ev_5,,osm_11927677057_p1,131.78,,,,,32.61,,,1940
,,charging_progress,,,,osm_11927677057,,,,ev_2,,osm_11927677057_p2,131.78,,,,,32.55,,,1940
,,charging_progress,,,,osm_11542817290,,,,ev_6,,osm_11542817290_p1,175.0222,,,,,49.33,,,1940
,,charging_progress,,,,osm_9202909866,,,,ev_8,,osm_9202909866_p1,176.0,,,,,52.87,,,1960
,,charging_progress,,,,osm_11927677057,,,,ev_5,,osm_11927677057_p1,133.2467,,,,,32.81,,,1960
,,charging_progress,,,,osm_11927677057,,,,ev_2,,osm_11927677057_p2,133.2467,,,,,32.76,,,1960
,,charging_progress,,,,osm_11542817290,,,,ev_6,,osm_11542817290_p1,176.9778,,,,,49.74,,,1960
,,charging_progress,,,,osm_9202909866,,,,ev_8,,osm_9202909866_p1,177.8333,,,,,53.27,,,1980
,,charging_progress,,,,osm_11927677057,,,,ev_5,,osm_11927677057_p1,134.7133,,,,,33.01,,,1980
,,charging_progress,,,,osm_11927677057,,,,ev_2,,osm_11927677057_p2,134.7133,,,,,32.96,,,1980
,,charging_progress,,,,osm_11542817290,,,,ev_6,,osm_11542817290_p1,178.9333,,,,,50.14,,,1980
,,charging_progress,,,,osm_9202909866,,,,ev_8,,osm_9202909866_p1,179.6667,,,,,53.68,,,2000
,,charging_progress,,,,osm_11927677057,,,,ev_5,,osm_11927677057_p1,136.18,,,,,33.22,,,2000
,,charging_progress,,,,osm_11927677057,,,,ev_2,,osm_11927677057_p2,136.18,,,,,33.16,,,2000
,,charging_progress,,,,osm_11542817290,,,,ev_6,,osm_11542817290_p1,180.8889,,,,,50.55,,,2000
,,charging_progress,,,,osm_9202909866,,,,ev_8,,osm_9202909866_p1,181.5,,,,,54.09,,,2020
,,charging_progress,,,,osm_11927677057,,,,ev_5,,osm_11927677057_p1,137.6467,,,,,33.42,,,2020
,,charging_progress,,,,osm_11927677057,,,,ev_2,,osm_11927677057_p2,137.6467,,,,,33.37,,,2020
,,charging_progress,,,,osm_11542817290,,,,ev_6,,osm_11542817290_p1,182.8444,,,,,50.96,,,2020
,,charging_progress,,,,osm_9202909866,,,,ev_8,,osm_9202909866_p1,183.3333,,,,,54.5,,,2040
,,charging_progress,,,,osm_11927677057,,,,ev_5,,osm_11927677057_p1,139.1133,,,,,33.63,,,2040
,,charging_progress,,,,osm_11927677057,,,,ev_2,,osm_11927677057_p2,139.1133,,,,,33.57,,,2040
,,charging_progress,,,,osm_11542817290,,,,ev_6,,osm_11542817290_p1,184.8,,,,,51.37,,,2040
,,charging_progress,,,,osm_9202909866,,,,ev_8,,osm_9202909866_p1,185.1667,,,,,54.9,,,2060
,,charging_progress,,,,osm_11927677057,,,,ev_5,,osm_11927677057_p1,140.58,,,,,33.83,,,2060
,,charging_progress,,,,osm_11927677057,,,,ev_2,,osm_11927677057_p2,140.58,,,,,33.78,,,2060
,,charging_progress,,,,osm_11542817290,,,,ev_6,,osm_11542817290_p1,186.7556,,,,,51.77,,,2060
,,charging_progress,,,,osm_9202909866,,,,ev_8,,osm_9202909866_p1,187.0,,,,,55.31,,,2080
,,charging_progress,,,,osm_11927677057,,,,ev_5,,osm_11927677057_p1,142.0467,,,,,34.03,,,2080
,,charging_progress,,,,osm_11927677057,,,,ev_2,,osm_11927677057_p2,142.0467,,,,,33.98,,,2080
,,charging_progress,,,,osm_11542817290,,,,ev_6,,osm_11542817290_p1,188.7111,,,,,52.18,,,2080
,,charging_progress,,,,osm_9202909866,,,,ev_8,,osm_9202909866_p1,188.8333,,,,,55.72,,,2100
,,charging_progress,,,,osm_11927677057,,,,ev_5,,osm_11927677057_p1,143.5133,,,,,34.24,,,2100
,,charging_progress,,,,osm_11927677057,,,,ev_2,,osm_11927677057_p2,143.5133,,,,,34.18,,,2100
,,charging_progress,,,,osm_11542817290,,,,ev_6,,osm_11542817290_p1,190.6667,,,,,52.59,,,2100
,,charging_progress,,,,osm_9202909866,,,,ev_8,,osm_9202909866_p1,190.6667,,,,,56.13,,,2120
,,charging_progress,,,,osm_11927677057,,,,ev_5,,osm_11927677057_p1,144.98,,,,,34.44,,,2120
,,charging_progress,,,,osm_11927677057,,,,ev_2,,osm_11927677057_p2,144.98,,,,,34.39,,,2120
,,charging_progress,,,,osm_11542817290,,,,ev_6,,osm_11542817290_p1,192.6222,,,,,53.0,,,2120
,,charging_progress,,,,osm_9202909866,,,,ev_8,,osm_9202909866_p1,192.5,,,,,56.53,,,2140
,,charging_progress,,,,osm_11927677057,,,,ev_5,,osm_11927677057_p1,146.4467,,,,,34.64,,,2140
,,charging_progress,,,,osm_11927677057,,,,ev_2,,osm_11927677057_p2,146.4467,,,,,34.59,,,2140
,,charging_progress,,,,osm_11542817290,,,,ev_6,,osm_11542817290_p1,194.5778,,,,,53.4,,,2140
,,charging_progress,,,,osm_9202909866,,,,ev_8,,osm_9202909866_p1,194.3333,,,,,56.94,,,2160
,,charging_progress,,,,osm_11927677057,,,,ev_5,,osm_11927677057_p1,147.9133,,,,,34.85,,,2160
,,charging_progress,,,,osm_11927677057,,,,ev_2,,osm_11927677057_p2,147.9133,,,,,34.79,,,2160
,,charging_progress,,,,osm_11542817290,,,,ev_6,,osm_11542817290_p1,196.5333,,,,,53.81,,,2160
,,charging_progress,,,,osm_9202909866,,,,ev_8,,osm_9202909866_p1,196.1667,,,,,57.35,,,2180
,,charging_progress,,,,osm_11927677057,,,,ev_5,,osm_11927677057_p1,149.38,,,,,35.05,,,2180
,,charging_progress,,,,osm_11927677057,,,,ev_2,,osm_11927677057_p2,149.38,,,,,35.0,,,2180
,,charging_progress,,,,osm_11542817290,,,,ev_6,,osm_11542817290_p1,198.4889,,,,,54.22,,,2180
,,charging_progress,,,,osm_9202909866,,,,ev_8,,osm_9202909866_p1,198.0,,,,,57.76,,,2200
,,charging_progress,,,,osm_11927677057,,,,ev_5,,osm_11927677057_p1,150.8467,,,,,35.26,,,2200
,,charging_progress,,,,osm_11927677057,,,,ev_2,,osm_11927677057_p2,150.8467,,,,,35.2,,,2200
,,charging_progress,,,,osm_11542817290,,,,ev_6,,osm_11542817290_p1,200.4444,,,,,54.63,,,2200
,,charging_progress,,,,osm_9202909866,,,,ev_8,,osm_9202909866_p1,199.8333,,,,,58.16,,,2220
,,charging_progress,,,,osm_11927677057,,,,ev_5,,osm_11927677057_p1,152.3133,,,,,35.46,,,2220
,,charging_progress,,,,osm_11927677057,,,,ev_2,,osm_11927677057_p2,152.3133,,,,,35.41,,,2220
,,charging_progress,,,,osm_11542817290,,,,ev_6,,osm_11542817290_p1,202.4,,,,,55.03,,,2220
,,charging_progress,,,,osm_9202909866,,,,ev_8,,osm_9202909866_p1,201.6667,,,,,58.57,,,2240
,,charging_progress,,,,osm_11927677057,,,,ev_5,,osm_11927677057_p1,153.78,,,,,35.66,,,2240
,,charging_progress,,,,osm_11927677057,,,,ev_2,,osm_11927677057_p2,153.78,,,,,35.61,,,2240
,,charging_progress,,,,osm_11542817290,,,,ev_6,,osm_11542817290_p1,204.3556,,,,,55.44,,,2240
,,charging_progress,,,,osm_9202909866,,,,ev_8,,osm_9202909866_p1,203.5,,,,,58.98,,,2260
,,charging_progress,,,,osm_11927677057,,,,ev_5,,osm_11927677057_p1,155.2467,,,,,35.87,,,2260
,,charging_progress,,,,osm_11927677057,,,,ev_2,,osm_11927677057_p2,155.2467,,,,,35.81,,,2260
,,charging_progress,,,,osm_11542817290,,,,ev_6,,osm_11542817290_p1,206.3111,,,,,55.85,,,2260
,,charging_progress,,,,osm_9202909866,,,,ev_8,,osm_9202909866_p1,205.3333,,,,,59.39,,,2280
,,charging_progress,,,,osm_11927677057,,,,ev_5,,osm_11927677057_p1,156.7133,,,,,36.07,,,2280
,,charging_progress,,,,osm_11927677057,,,,ev_2,,osm_11927677057_p2,156.7133,,,,,36.02,,,2280
,,charging_progress,,,,osm_11542817290,,,,ev_6,,osm_11542817290_p1,208.2667,,,,,56.25,,,2280
,,charging_progress,,,,osm_9202909866,,,,ev_8,,osm_9202909866_p1,207.1667,,,,,59.79,,,2300
,,charging_progress,,,,osm_11927677057,,,,ev_5,,osm_11927677057_p1,158.18,,,,,36.27,,,2300
,,charging_progress,,,,osm_11927677057,,,,ev_2,,osm_11927677057_p2,158.18,,,,,36.22,,,2300
,,charging_progress,,,,osm_11542817290,,,,ev_6,,osm_11542817290_p1,210.2222,,,,,56.66,,,2300
,,charging_progress,,,,osm_9202909866,,,,ev_8,,osm_9202909866_p1,209.0,,,,,60.2,,,2320
,,charging_progress,,,,osm_11927677057,,,,ev_5,,osm_11927677057_p1,159.6467,,,,,36.48,,,2320
,,charging_progress,,,,osm_11927677057,,,,ev_2,,osm_11927677057_p2,159.6467,,,,,36.42,,,2320
,,charging_progress,,,,osm_11542817290,,,,ev_6,,osm_11542817290_p1,212.1778,,,,,57.07,,,2320
,,charging_progress,,,,osm_9202909866,,,,ev_8,,osm_9202909866_p1,210.8333,,,,,60.61,,,2340
,,charging_progress,,,,osm_11927677057,,,,ev_5,,osm_11927677057_p1,161.1133,,,,,36.68,,,2340
,,charging_progress,,,,osm_11927677057,,,,ev_2,,osm_11927677057_p2,161.1133,,,,,36.63,,,2340
,,charging_progress,,,,osm_11542817290,,,,ev_6,,osm_11542817290_p1,214.1333,,,,,57.48,,,2340
,,charging_progress,,,,osm_9202909866,,,,ev_8,,osm_9202909866_p1,212.6667,,,,,61.02,,,2360
,,charging_progress,,,,osm_11927677057,,,,ev_5,,osm_11927677057_p1,162.58,,,,,36.88,,,2360
,,charging_progress,,,,osm_11927677057,,,,ev_2,,osm_11927677057_p2,162.58,,,,,36.83,,,2360
,,charging_progress,,,,osm_11542817290,,,,ev_6,,osm_11542817290_p1,216.0889,,,,,57.88,,,2360
,,charging_progress,,,,osm_9202909866,,,,ev_8,,osm_9202909866_p1,214.5,,,,,61.42,,,2380
,,charging_progress,,,,osm_11927677057,,,,ev_5,,osm_11927677057_p1,164.0467,,,,,37.09,,,2380
,,charging_progress,,,,osm_11927677057,,,,ev_2,,osm_11927677057_p2,164.0467,,,,,37.04,,,2380
,,charging_progress,,,,osm_11542817290,,,,ev_6,,osm_11542817290_p1,218.0444,,,,,58.29,,,2380
,,charging_progress,,,,osm_9202909866,,,,ev_8,,osm_9202909866_p1,216.3333,,,,,61.83,,,2400
,,charging_progress,,,,osm_11927677057,,,,ev_5,,osm_11927677057_p1,165.5133,,,,,37.29,,,2400
,,charging_progress,,,,osm_11927677057,,,,ev_2,,osm_11927677057_p2,165.5133,,,,,37.24,,,2400
,,charging_progress,,,,osm_11542817290,,,,ev_6,,osm_11542817290_p1,220.0,,,,,58.7,,,2400
,,charging_progress,,,,osm_9202909866,,,,ev_8,,osm_9202909866_p1,218.1667,,,,,62.24,,,2420
,,charging_progress,,,,osm_11927677057,,,,ev_5,,osm_11927677057_p1,166.98,,,,,37.5,,,2420
,,charging_progress,,,,osm_11927677057,,,,ev_2,,osm_11927677057_p2,166.98,,,,,37.44,,,2420
,,charging_progress,,,,osm_11542817290,,,,ev_6,,osm_11542817290_p1,221.9556,,,,,59.11,,,2420
,,charging_progress,,,,osm_9202909866,,,,ev_8,,osm_9202909866_p1,220.0,,,,,62.64,,,2440
,,charging_progress,,,,osm_11927677057,,,,ev_5,,osm_11927677057_p1,168.4467,,,,,37.7,,,2440
,,charging_progress,,,,osm_11927677057,,,,ev_2,,osm_11927677057_p2,168.4467,,,,,37.65,,,2440
,,charging_progress,,,,osm_11542817290,,,,ev_6,,osm_11542817290_p1,223.9111,,,,,59.51,,,2440
,,charging_progress,,,,osm_9202909866,,,,ev_8,,osm_9202909866_p1,221.8333,,,,,63.05,,,2460
,,charging_progress,,,,osm_11927677057,,,,ev_5,,osm_11927677057_p1,169.9133,,,,,37.9,,,2460
,,charging_progress,,,,osm_11927677057,,,,ev_2,,osm_11927677057_p2,169.9133,,,,,37.85,,,2460
,,charging_progress,,,,osm_11542817290,,,,ev_6,,osm_11542817290_p1,225.8667,,,,,59.92,,,2460
,,charging_progress,,,,osm_9202909866,,,,ev_8,,osm_9202909866_p1,223.6667,,,,,63.46,,,2480
,,charging_progress,,,,osm_11927677057,,,,ev_5,,osm_11927677057_p1,171.38,,,,,38.11,,,2480
,,charging_progress,,,,osm_11927677057,,,,ev_2,,osm_11927677057_p2,171.38,,,,,38.05,,,2480
,,charging_progress,,,,osm_11542817290,,,,ev_6,,osm_11542817290_p1,227.8222,,,,,60.33,,,2480
,,charging_progress,,,,osm_9202909866,,,,ev_8,,osm_9202909866_p1,225.5,,,,,63.87,,,2500
,,charging_progress,,,,osm_11927677057,,,,ev_5,,osm_11927677057_p1,172.8467,,,,,38.31,,,2500
,,charging_progress,,,,osm_11927677057,,,,ev_2,,osm_11927677057_p2,172.8467,,,,,38.26,,,2500
,,charging_progress,,,,osm_11542817290,,,,ev_6,,osm_11542817290_p1,229.7778,,,,,60.74,,,2500
,,charging_progress,,,,osm_9202909866,,,,ev_8,,osm_9202909866_p1,227.3333,,,,,64.27,,,2520
,,charging_progress,,,,osm_11927677057,,,,ev_5,,osm_11927677057_p1,174.3133,,,,,38.51,,,2520
,,charging_progress,,,,osm_11927677057,,,,ev_2,,osm_11927677057_p2,174.3133,,,,,38.46,,,2520
,,charging_progress,,,,osm_11542817290,,,,ev_6,,osm_11542817290_p1,231.7333,,,,,61.14,,,2520
,,charging_progress,,,,osm_9202909866,,,,ev_8,,osm_9202909866_p1,229.1667,,,,,64.68,,,2540
,,charging_progress,,,,osm_11927677057,,,,ev_5,,osm_11927677057_p1,175.78,,,,,38.72,,,2540
,,charging_progress,,,,osm_11927677057,,,,ev_2,,osm_11927677057_p2,175.78,,,,,38.66,,,2540
,,charging_progress,,,,osm_11542817290,,,,ev_6,,osm_11542817290_p1,233.6889,,,,,61.55,,,2540
,,charging_progress,,,,osm_9202909866,,,,ev_8,,osm_9202909866_p1,231.0,,,,,65.09,,,2560
,,charging_progress,,,,osm_11927677057,,,,ev_5,,osm_11927677057_p1,177.2467,,,,,38.92,,,2560
,,charging_progress,,,,osm_11927677057,,,,ev_2,,osm_11927677057_p2,177.2467,,,,,38.87,,,2560
,,charging_progress,,,,osm_11542817290,,,,ev_6,,osm_11542817290_p1,235.6444,,,,,61.96,,,2560
,,charging_progress,,,,osm_9202909866,,,,ev_8,,osm_9202909866_p1,232.8333,,,,,65.5,,,2580
,,charging_progress,,,,osm_11927677057,,,,ev_5,,osm_11927677057_p1,178.7133,,,,,39.13,,,2580
,,charging_progress,,,,osm_11927677057,,,,ev_2,,osm_11927677057_p2,178.7133,,,,,39.07,,,2580
,,charging_progress,,,,osm_11542817290,,,,ev_6,,osm_11542817290_p1,237.6,,,,,62.37,,,2580
,,charging_progress,,,,osm_9202909866,,,,ev_8,,osm_9202909866_p1,234.6667,,,,,65.9,,,2600
,,charging_progress,,,,osm_11927677057,,,,ev_5,,osm_11927677057_p1,180.18,,,,,39.33,,,2600
,,charging_progress,,,,osm_11927677057,,,,ev_2,,osm_11927677057_p2,180.18,,,,,39.28,,,2600
,,charging_progress,,,,osm_11542817290,,,,ev_6,,osm_11542817290_p1,239.5556,,,,,62.77,,,2600
,,charging_progress,,,,osm_9202909866,,,,ev_8,,osm_9202909866_p1,236.5,,,,,66.31,,,2620
,,charging_progress,,,,osm_11927677057,,,,ev_5,,osm_11927677057_p1,181.6467,,,,,39.53,,,2620
,,charging_progress,,,,osm_11927677057,,,,ev_2,,osm_11927677057_p2,181.6467,,,,,39.48,,,2620
,,charging_progress,,,,osm_11542817290,,,,ev_6,,osm_11542817290_p1,241.5111,,,,,63.18,,,2620
,,charging_progress,,,,osm_9202909866,,,,ev_8,,osm_9202909866_p1,238.3333,,,,,66.72,,,2640
,,charging_progress,,,,osm_11927677057,,,,ev_5,,osm_11927677057_p1,183.1133,,,,,39.74,,,2640
,,charging_progress,,,,osm_11927677057,,,,ev_2,,osm_11927677057_p2,183.1133,,,,,39.68,,,2640
,,charging_progress,,,,osm_11542817290,,,,ev_6,,osm_11542817290_p1,243.4667,,,,,63.59,,,2640
,,charging_progress,,,,osm_9202909866,,,,ev_8,,osm_9202909866_p1,240.1667,,,,,67.13,,,2660
,,charging_progress,,,,osm_11927677057,,,,ev_5,,osm_11927677057_p1,184.58,,,,,39.94,,,2660
,,charging_progress,,,,osm_11927677057,,,,ev_2,,osm_11927677057_p2,184.58,,,,,39.89,,,2660
,,charging_progress,,,,osm_11542817290,,,,ev_6,,osm_11542817290_p1,245.4222,,,,,64.0,,,2660
,,charging_progress,,,,osm_9202909866,,,,ev_8,,osm_9202909866_p1,242.0,,,,,67.53,,,2680
,,charging_progress,,,,osm_11927677057,,,,ev_5,,osm_11927677057_p1,186.0467,,,,,40.14,,,2680
,,charging_progress,,,,osm_11927677057,,,,ev_2,,osm_11927677057_p2,186.0467,,,,,40.09,,,2680
,,charging_progress,,,,osm_11542817290,,,,ev_6,,osm_11542817290_p1,247.3778,,,,,64.4,,,2680
,,charging_progress,,,,osm_9202909866,,,,ev_8,,osm_9202909866_p1,243.8333,,,,,67.94,,,2700
,,charging_progress,,,,osm_11927677057,,,,ev_5,,osm_11927677057_p1,187.5133,,,,,40.35,,,2700
,,charging_progress,,,,osm_11927677057,,,,ev_2,,osm_11927677057_p2,187.5133,,,,,40.29,,,2700
,,charging_progress,,,,osm_11542817290,,,,ev_6,,osm_11542817290_p1,249.3333,,,,,64.81,,,2700
,,charging_progress,,,,osm_9202909866,,,,ev_8,,osm_9202909866_p1,245.6667,,,,,68.35,,,2720
,,charging_progress,,,,osm_11927677057,,,,ev_5,,osm_11927677057_p1,188.98,,,,,40.55,,,2720
,,charging_progress,,,,osm_11927677057,,,,ev_2,,osm_11927677057_p2,188.98,,,,,40.5,,,2720
,,charging_progress,,,,osm_11542817290,,,,ev_6,,osm_11542817290_p1,251.2889,,,,,65.22,,,2720
,,charging_progress,,,,osm_9202909866,,,,ev_8,,osm_9202909866_p1,247.5,,,,,68.76,,,2740
,,charging_progress,,,,osm_11927677057,,,,ev_5,,osm_11927677057_p1,190.4467,,,,,40.76,,,2740
,,charging_progress,,,,osm_11927677057,,,,ev_2,,osm_11927677057_p2,190.4467,,,,,40.7,,,2740
,,charging_progress,,,,osm_11542817290,,,,ev_6,,osm_11542817290_p1,253.2444,,,,,65.63,,,2740
,,charging_progress,,,,osm_9202909866,,,,ev_8,,osm_9202909866_p1,249.3333,,,,,69.16,,,2760
,,charging_progress,,,,osm_11927677057,,,,ev_5,,osm_11927677057_p1,191.9133,,,,,40.96,,,2760
,,charging_progress,,,,osm_11927677057,,,,ev_2,,osm_11927677057_p2,191.9133,,,,,40.91,,,2760
,,charging_progress,,,,osm_11542817290,,,,ev_6,,osm_11542817290_p1,255.2,,,,,66.03,,,2760
,,charging_progress,,,,osm_9202909866,,,,ev_8,,osm_9202909866_p1,251.1667,,,,,69.57,,,2780
,,charging_progress,,,,osm_11927677057,,,,ev_5,,osm_11927677057_p1,193.38,,,,,41.16,,,2780
,,charging_progress,,,,osm_11927677057,,,,ev_2,,osm_11927677057_p2,193.38,,,,,41.11,,,2780
,,charging_progress,,,,osm_11542817290,,,,ev_6,,osm_11542817290_p1,257.1556,,,,,66.44,,,2780
,,charging_progress,,,,osm_9202909866,,,,ev_8,,osm_9202909866_p1,253.0,,,,,69.98,,,2800
,,charging_progress,,,,osm_11927677057,,,,ev_5,,osm_11927677057_p1,194.8467,,,,,41.37,,,2800
,,charging_progress,,,,osm_11927677057,,,,ev_2,,osm_11927677057_p2,194.8467,,,,,41.31,,,2800
,,charging_progress,,,,osm_11542817290,,,,ev_6,,osm_11542817290_p1,259.1111,,,,,66.85,,,2800
,,charging_progress,,,,osm_9202909866,,,,ev_8,,osm_9202909866_p1,254.8333,,,,,70.39,,,2820
,,charging_progress,,,,osm_11927677057,,,,ev_5,,osm_11927677057_p1,196.3133,,,,,41.57,,,2820
,,charging_progress,,,,osm_11927677057,,,,ev_2,,osm_11927677057_p2,196.3133,,,,,41.52,,,2820
,,charging_progress,,,,osm_11542817290,,,,ev_6,,osm_11542817290_p1,261.0667,,,,,67.25,,,2820
,,charging_progress,,,,osm_9202909866,,,,ev_8,,osm_9202909866_p1,256.6667,,,,,70.79,,,2840
,,charging_progress,,,,osm_11927677057,,,,ev_5,,osm_11927677057_p1,197.78,,,,,41.77,,,2840
,,charging_progress,,,,osm_11927677057,,,,ev_2,,osm_11927677057_p2,197.78,,,,,41.72,,,2840
,,charging_progress,,,,osm_11542817290,,,,ev_6,,osm_11542817290_p1,263.0222,,,,,67.66,,,2840
,,charging_progress,,,,osm_9202909866,,,,ev_8,,osm_9202909866_p1,258.5,,,,,71.2,,,2860
,,charging_progress,,,,osm_11927677057,,,,ev_5,,osm_11927677057_p1,199.2467,,,,,41.98,,,2860
,,charging_progress,,,,osm_11927677057,,,,ev_2,,osm_11927677057_p2,199.2467,,,,,41.92,,,2860
,,charging_progress,,,,osm_11542817290,,,,ev_6,,osm_11542817290_p1,264.9778,,,,,68.07,,,2860
,,charging_progress,,,,osm_9202909866,,,,ev_8,,osm_9202909866_p1,260.3333,,,,,71.61,,,2880
,,charging_progress,,,,osm_11927677057,,,,ev_5,,osm_11927677057_p1,200.7133,,,,,42.18,,,2880
,,charging_progress,,,,osm_11927677057,,,,ev_2,,osm_11927677057_p2,200.7133,,,,,42.13,,,2880
,,charging_progress,,,,osm_11542817290,,,,ev_6,,osm_11542817290_p1,266.9333,,,,,68.48,,,2880
,,charging_progress,,,,osm_9202909866,,,,ev_8,,osm_9202909866_p1,262.1667,,,,,72.02,,,2900
,,charging_progress,,,,osm_11927677057,,,,ev_5,,osm_11927677057_p1,202.18,,,,,42.38,,,2900
,,charging_progress,,,,osm_11927677057,,,,ev_2,,osm_11927677057_p2,202.18,,,,,42.33,,,2900
,,charging_progress,,,,osm_11542817290,,,,ev_6,,osm_11542817290_p1,268.8889,,,,,68.88,,,2900
,,charging_progress,,,,osm_9202909866,,,,ev_8,,osm_9202909866_p1,264.0,,,,,72.42,,,2920
,,charging_progress,,,,osm_11927677057,,,,ev_5,,osm_11927677057_p1,203.6467,,,,,42.59,,,2920
,,charging_progress,,,,osm_11927677057,,,,ev_2,,osm_11927677057_p2,203.6467,,,,,42.54,,,2920
,,charging_progress,,,,osm_11542817290,,,,ev_6,,osm_11542817290_p1,270.8444,,,,,69.29,,,2920
,,charging_progress,,,,osm_9202909866,,,,ev_8,,osm_9202909866_p1,265.8333,,,,,72.83,,,2940
,,charging_progress,,,,osm_11927677057,,,,ev_5,,osm_11927677057_p1,205.1133,,,,,42.79,,,2940
,,charging_progress,,,,osm_11927677057,,,,ev_2,,osm_11927677057_p2,205.1133,,,,,42.74,,,2940
,,charging_progress,,,,osm_11542817290,,,,ev_6,,osm_11542817290_p1,272.8,,,,,69.7,,,2940
,,charging_progress,,,,osm_9202909866,,,,ev_8,,osm_9202909866_p1,267.6667,,,,,73.24,,,2960
,,charging_progress,,,,osm_11927677057,,,,ev_5,,osm_11927677057_p1,206.58,,,,,43.0,,,2960
,,charging_progress,,,,osm_11927677057,,,,ev_2,,osm_11927677057_p2,206.58,,,,,42.94,,,2960
,,charging_progress,,,,osm_11542817290,,,,ev_6,,osm_11542817290_p1,274.7556,,,,,70.11,,,2960
,,charging_progress,,,,osm_9202909866,,,,ev_8,,osm_9202909866_p1,269.5,,,,,73.64,,,2980
,,charging_progress,,,,osm_11927677057,,,,ev_5,,osm_11927677057_p1,208.0467,,,,,43.2,,,2980
,,charging_progress,,,,osm_11927677057,,,,ev_2,,osm_11927677057_p2,208.0467,,,,,43.15,,,2980
,,charging_progress,,,,osm_11542817290,,,,ev_6,,osm_11542817290_p1,276.7111,,,,,70.51,,,2980
,,charging_progress,,,,osm_9202909866,,,,ev_8,,osm_9202909866_p1,271.3333,,,,,74.05,,,3000
,,charging_progress,,,,osm_11927677057,,,,ev_5,,osm_11927677057_p1,209.5133,,,,,43.4,,,3000
,,charging_progress,,,,osm_11927677057,,,,ev_2,,osm_11927677057_p2,209.5133,,,,,43.35,,,3000
,,charging_progress,,,,osm_11542817290,,,,ev_6,,osm_11542817290_p1,278.6667,,,,,70.92,,,3000
,,charging_progress,,,,osm_9202909866,,,,ev_8,,osm_9202909866_p1,273.1667,,,,,74.46,,,3020
,,charging_progress,,,,osm_11927677057,,,,ev_5,,osm_11927677057_p1,210.98,,,,,43.61,,,3020
,,charging_progress,,,,osm_11927677057,,,,ev_2,,osm_11927677057_p2,210.98,,,,,43.55,,,3020
,,charging_progress,,,,osm_11542817290,,,,ev_6,,osm_11542817290_p1,280.6222,,,,,71.33,,,3020
,,charging_progress,,,,osm_9202909866,,,,ev_8,,osm_9202909866_p1,275.0,,,,,74.87,,,3040
,,charging_progress,,,,osm_11927677057,,,,ev_5,,osm_11927677057_p1,212.4467,,,,,43.81,,,3040
,,charging_progress,,,,osm_11927677057,,,,ev_2,,osm_11927677057_p2,212.4467,,,,,43.76,,,3040
,,charging_progress,,,,osm_11542817290,,,,ev_6,,osm_11542817290_p1,282.5778,,,,,71.74,,,3040
,,charging_progress,,,,osm_9202909866,,,,ev_8,,osm_9202909866_p1,276.8333,,,,,75.27,,,3060
,,charging_progress,,,,osm_11927677057,,,,ev_5,,osm_11927677057_p1,213.9133,,,,,44.01,,,3060
,,charging_progress,,,,osm_11927677057,,,,ev_2,,osm_11927677057_p2,213.9133,,,,,43.96,,,3060
,,charging_progress,,,,osm_11542817290,,,,ev_6,,osm_11542817290_p1,284.5333,,,,,72.14,,,3060
,,charging_progress,,,,osm_9202909866,,,,ev_8,,osm_9202909866_p1,278.6667,,,,,75.68,,,3080
,,charging_progress,,,,osm_11927677057,,,,ev_5,,osm_11927677057_p1,215.38,,,,,44.22,,,3080
,,charging_progress,,,,osm_11927677057,,,,ev_2,,osm_11927677057_p2,215.38,,,,,44.16,,,3080
,,charging_progress,,,,osm_11542817290,,,,ev_6,,osm_11542817290_p1,286.4889,,,,,72.55,,,3080
,,charging_progress,,,,osm_9202909866,,,,ev_8,,osm_9202909866_p1,280.5,,,,,76.09,,,3100
,,charging_progress,,,,osm_11927677057,,,,ev_5,,osm_11927677057_p1,216.8467,,,,,44.42,,,3100
,,charging_progress,,,,osm_11927677057,,,,ev_2,,osm_11927677057_p2,216.8467,,,,,44.37,,,3100
,,charging_progress,,,,osm_11542817290,,,,ev_6,,osm_11542817290_p1,288.4444,,,,,72.96,,,3100
,,charging_progress,,,,osm_9202909866,,,,ev_8,,osm_9202909866_p1,282.3333,,,,,76.5,,,3120
,,charging_progress,,,,osm_11927677057,,,,ev_5,,osm_11927677057_p1,218.3133,,,,,44.63,,,3120
,,charging_progress,,,,osm_11927677057,,,,ev_2,,osm_11927677057_p2,218.3133,,,,,44.57,,,3120
,,charging_progress,,,,osm_11542817290,,,,ev_6,,osm_11542817290_p1,290.4,,,,,73.37,,,3120
,,charging_progress,,,,osm_9202909866,,,,ev_8,,osm_9202909866_p1,284.1667,,,,,76.9,,,3140
,,charging_progress,,,,osm_11927677057,,,,ev_5,,osm_11927677057_p1,219.78,,,,,44.83,,,3140
,,charging_progress,,,,osm_11927677057,,,,ev_2,,osm_11927677057_p2,219.78,,,,,44.78,,,3140
,,charging_progress,,,,osm_11542817290,,,,ev_6,,osm_11542817290_p1,292.3556,,,,,73.77,,,3140
,,charging_progress,,,,osm_9202909866,,,,ev_8,,osm_9202909866_p1,286.0,,,,,77.31,,,3160
,,charging_progress,,,,osm_11927677057,,,,ev_5,,osm_11927677057_p1,221.2467,,,,,45.03,,,3160
,,charging_progress,,,,osm_11927677057,,,,ev_2,,osm_11927677057_p2,221.2467,,,,,44.98,,,3160
,,charging_progress,,,,osm_11542817290,,,,ev_6,,osm_11542817290_p1,294.3111,,,,,74.18,,,3160
,,charging_progress,,,,osm_9202909866,,,,ev_8,,osm_9202909866_p1,287.8333,,,,,77.72,,,3180
,,charging_progress,,,,osm_11927677057,,,,ev_5,,osm_11927677057_p1,222.7133,,,,,45.24,,,3180
,,charging_progress,,,,osm_11927677057,,,,ev_2,,osm_11927677057_p2,222.7133,,,,,45.18,,,3180
,,charging_progress,,,,osm_11542817290,,,,ev_6,,osm_11542817290_p1,296.2667,,,,,74.59,,,3180
,,charging_progress,,,,osm_9202909866,,,,ev_8,,osm_9202909866_p1,289.6667,,,,,78.13,,,3200
,,charging_progress,,,,osm_11927677057,,,,ev_5,,osm_11927677057_p1,224.18,,,,,45.44,,,3200
,,charging_progress,,,,osm_11927677057,,,,ev_2,,osm_11927677057_p2,224.18,,,,,45.39,,,3200
,,charging_progress,,,,osm_11542817290,,,,ev_6,,osm_11542817290_p1,298.2222,,,,,75.0,,,3200
,,charging_progress,,,,osm_9202909866,,,,ev_8,,osm_9202909866_p1,291.5,,,,,78.53,,,3220
,,charging_progress,,,,osm_11927677057,,,,ev_5,,osm_11927677057_p1,225.6467,,,,,45.64,,,3220
,,charging_progress,,,,osm_11927677057,,,,ev_2,,osm_11927677057_p2,225.6467,,,,,45.59,,,3220
,,charging_progress,,,,osm_11542817290,,,,ev_6,,osm_11542817290_p1,300.1778,,,,,75.4,,,3220
,,charging_progress,,,,osm_9202909866,,,,ev_8,,osm_9202909866_p1,293.3333,,,,,78.94,,,3240
,,charging_progress,,,,osm_11927677057,,,,ev_5,,osm_11927677057_p1,227.1133,,,,,45.85,,,3240
,,charging_progress,,,,osm_11927677057,,,,ev_2,,osm_11927677057_p2,227.1133,,,,,45.79,,,3240
,,charging_progress,,,,osm_11542817290,,,,ev_6,,osm_11542817290_p1,302.1333,,,,,75.81,,,3240
,,charging_progress,,,,osm_9202909866,,,,ev_8,,osm_9202909866_p1,295.1667,,,,,79.35,,,3260
,,charging_progress,,,,osm_11927677057,,,,ev_5,,osm_11927677057_p1,228.58,,,,,46.05,,,3260
,,charging_progress,,,,osm_11927677057,,,,ev_2,,osm_11927677057_p2,228.58,,,,,46.0,,,3260
,,charging_progress,,,,osm_11542817290,,,,ev_6,,osm_11542817290_p1,304.0889,,,,,76.22,,,3260
,,charging_progress,,,,osm_9202909866,,,,ev_8,,osm_9202909866_p1,297.0,,,,,79.76,,,3280
,,charging_progress,,,,osm_11927677057,,,,ev_5,,osm_11927677057_p1,230.0467,,,,,46.26,,,3280
,,charging_progress,,,,osm_11927677057,,,,ev_2,,osm_11927677057_p2,230.0467,,,,,46.2,,,3280
,,charging_progress,,,,osm_11542817290,,,,ev_6,,osm_11542817290_p1,306.0444,,,,,76.63,,,3280
CHARGING,,lifecycle_state_transition,,,CHARGED,,,,"{'station_id': 'osm_9202909866', 'port_id': 'osm_9202909866_p1', 'battery_pct': 80.0}",ev_8,,,,,,,,,,charging_completed,3292
,,resumed_route,,,,osm_9202909866,,,,ev_8,,,,,,,,,-173006675#1,,3292
CHARGED,,lifecycle_state_transition,,,RESUMING_TRIP,,,,"{'station_id': 'osm_9202909866', 'destination_edge': '-173006675#1'}",ev_8,,,,,,,,,,resumed_route,3292
,,charging_completed,,,,osm_9202909866,,,,ev_8,,osm_9202909866_p1,298.1,,,,,80.0,,,3292
,,arrived_at_station,,-36054475#1,,osm_9202909866,,,,ev_1,,,,,,,,,,,3296
,,charging_started,,,,osm_9202909866,,22.0,,ev_1,15.0,osm_9202909866_p1,,585.148284743347,,,9755,14.21,,,3296
ROUTING_TO_STATION,,lifecycle_state_transition,,,CHARGING,,,,"{'station_id': 'osm_9202909866', 'port_id': 'osm_9202909866_p1'}",ev_1,,,,,,,,,,charging_started,3296
,,charging_progress,,,,osm_9202909866,,,,ev_1,,osm_9202909866_p1,0.4583,,,,,14.26,,,3300
,,charging_progress,,,,osm_11927677057,,,,ev_5,,osm_11927677057_p1,231.5133,,,,,46.46,,,3300
,,charging_progress,,,,osm_11927677057,,,,ev_2,,osm_11927677057_p2,231.5133,,,,,46.41,,,3300
,,charging_progress,,,,osm_11542817290,,,,ev_6,,osm_11542817290_p1,308.0,,,,,77.03,,,3300
,,charging_progress,,,,osm_9202909866,,,,ev_1,,osm_9202909866_p1,2.2917,,,,,14.46,,,3320
,,charging_progress,,,,osm_11927677057,,,,ev_5,,osm_11927677057_p1,232.98,,,,,46.66,,,3320
,,charging_progress,,,,osm_11927677057,,,,ev_2,,osm_11927677057_p2,232.98,,,,,46.61,,,3320
,,charging_progress,,,,osm_11542817290,,,,ev_6,,osm_11542817290_p1,309.9556,,,,,77.44,,,3320
,,charging_progress,,,,osm_9202909866,,,,ev_1,,osm_9202909866_p1,4.125,,,,,14.67,,,3340
,,charging_progress,,,,osm_11927677057,,,,ev_5,,osm_11927677057_p1,234.4467,,,,,46.87,,,3340
,,charging_progress,,,,osm_11927677057,,,,ev_2,,osm_11927677057_p2,234.4467,,,,,46.81,,,3340
,,charging_progress,,,,osm_11542817290,,,,ev_6,,osm_11542817290_p1,311.9111,,,,,77.85,,,3340
,,charging_progress,,,,osm_9202909866,,,,ev_1,,osm_9202909866_p1,5.9583,,,,,14.87,,,3360
,,charging_progress,,,,osm_11927677057,,,,ev_5,,osm_11927677057_p1,235.9133,,,,,47.07,,,3360
,,charging_progress,,,,osm_11927677057,,,,ev_2,,osm_11927677057_p2,235.9133,,,,,47.02,,,3360
,,charging_progress,,,,osm_11542817290,,,,ev_6,,osm_11542817290_p1,313.8667,,,,,78.25,,,3360
,,charging_progress,,,,osm_9202909866,,,,ev_1,,osm_9202909866_p1,7.7917,,,,,15.07,,,3380
,,charging_progress,,,,osm_11927677057,,,,ev_5,,osm_11927677057_p1,237.38,,,,,47.27,,,3380
,,charging_progress,,,,osm_11927677057,,,,ev_2,,osm_11927677057_p2,237.38,,,,,47.22,,,3380
,,charging_progress,,,,osm_11542817290,,,,ev_6,,osm_11542817290_p1,315.8222,,,,,78.66,,,3380
,,charging_progress,,,,osm_9202909866,,,,ev_1,,osm_9202909866_p1,9.625,,,,,15.28,,,3400
,,charging_progress,,,,osm_11927677057,,,,ev_5,,osm_11927677057_p1,238.8467,,,,,47.48,,,3400
,,charging_progress,,,,osm_11927677057,,,,ev_2,,osm_11927677057_p2,238.8467,,,,,47.42,,,3400
,,charging_progress,,,,osm_11542817290,,,,ev_6,,osm_11542817290_p1,317.7778,,,,,79.07,,,3400
,,charging_progress,,,,osm_9202909866,,,,ev_1,,osm_9202909866_p1,11.4583,,,,,15.48,,,3420
,,charging_progress,,,,osm_11927677057,,,,ev_5,,osm_11927677057_p1,240.3133,,,,,47.68,,,3420
,,charging_progress,,,,osm_11927677057,,,,ev_2,,osm_11927677057_p2,240.3133,,,,,47.63,,,3420
,,charging_progress,,,,osm_11542817290,,,,ev_6,,osm_11542817290_p1,319.7333,,,,,79.48,,,3420
,,charging_progress,,,,osm_9202909866,,,,ev_1,,osm_9202909866_p1,13.2917,,,,,15.68,,,3440
,,charging_progress,,,,osm_11927677057,,,,ev_5,,osm_11927677057_p1,241.78,,,,,47.88,,,3440
,,charging_progress,,,,osm_11927677057,,,,ev_2,,osm_11927677057_p2,241.78,,,,,47.83,,,3440
,,charging_progress,,,,osm_11542817290,,,,ev_6,,osm_11542817290_p1,321.6889,,,,,79.88,,,3440
CHARGING,,lifecycle_state_transition,,,CHARGED,,,,"{'station_id': 'osm_11542817290', 'port_id': 'osm_11542817290_p1', 'battery_pct': 80.01}",ev_6,,,,,,,,,,charging_completed,3446
,,resumed_route,,,,osm_11542817290,,,,ev_6,,,,,,,,,543283935,,3446
CHARGED,,lifecycle_state_transition,,,RESUMING_TRIP,,,,"{'station_id': 'osm_11542817290', 'destination_edge': '543283935'}",ev_6,,,,,,,,,,resumed_route,3446
,,charging_completed,,,,osm_11542817290,,,,ev_6,,osm_11542817290_p1,322.2756,,,,,80.01,,,3446
,,arrived_at_station,,-694991477#1,,osm_11542817290,,,,ev_7,,,,,,,,,,,3451
,,charging_started,,,,osm_11542817290,,22.0,,ev_7,16.0,osm_11542817290_p1,,313.0295446005145,,,7010,7.49,,,3451
ROUTING_TO_STATION,,lifecycle_state_transition,,,CHARGING,,,,"{'station_id': 'osm_11542817290', 'port_id': 'osm_11542817290_p1'}",ev_7,,,,,,,,,,charging_started,3451
,,charging_progress,,,,osm_9202909866,,,,ev_1,,osm_9202909866_p1,15.125,,,,,15.89,,,3460
,,charging_progress,,,,osm_11927677057,,,,ev_5,,osm_11927677057_p1,243.2467,,,,,48.09,,,3460
,,charging_progress,,,,osm_11927677057,,,,ev_2,,osm_11927677057_p2,243.2467,,,,,48.04,,,3460
,,charging_progress,,,,osm_11542817290,,,,ev_7,,osm_11542817290_p1,0.9778,,,,,7.69,,,3460
,,charging_progress,,,,osm_9202909866,,,,ev_1,,osm_9202909866_p1,16.9583,,,,,16.09,,,3480
,,charging_progress,,,,osm_11927677057,,,,ev_5,,osm_11927677057_p1,244.7133,,,,,48.29,,,3480
,,charging_progress,,,,osm_11927677057,,,,ev_2,,osm_11927677057_p2,244.7133,,,,,48.24,,,3480
,,charging_progress,,,,osm_11542817290,,,,ev_7,,osm_11542817290_p1,2.9333,,,,,8.1,,,3480
,,charging_progress,,,,osm_9202909866,,,,ev_1,,osm_9202909866_p1,18.7917,,,,,16.3,,,3500
,,charging_progress,,,,osm_11927677057,,,,ev_5,,osm_11927677057_p1,246.18,,,,,48.5,,,3500
,,charging_progress,,,,osm_11927677057,,,,ev_2,,osm_11927677057_p2,246.18,,,,,48.44,,,3500
,,charging_progress,,,,osm_11542817290,,,,ev_7,,osm_11542817290_p1,4.8889,,,,,8.51,,,3500
,,charging_progress,,,,osm_9202909866,,,,ev_1,,osm_9202909866_p1,20.625,,,,,16.5,,,3520
,,charging_progress,,,,osm_11927677057,,,,ev_5,,osm_11927677057_p1,247.6467,,,,,48.7,,,3520
,,charging_progress,,,,osm_11927677057,,,,ev_2,,osm_11927677057_p2,247.6467,,,,,48.65,,,3520
,,charging_progress,,,,osm_11542817290,,,,ev_7,,osm_11542817290_p1,6.8444,,,,,8.91,,,3520
,,charging_progress,,,,osm_9202909866,,,,ev_1,,osm_9202909866_p1,22.4583,,,,,16.7,,,3540
,,charging_progress,,,,osm_11927677057,,,,ev_5,,osm_11927677057_p1,249.1133,,,,,48.9,,,3540
,,charging_progress,,,,osm_11927677057,,,,ev_2,,osm_11927677057_p2,249.1133,,,,,48.85,,,3540
,,charging_progress,,,,osm_11542817290,,,,ev_7,,osm_11542817290_p1,8.8,,,,,9.32,,,3540
,,charging_progress,,,,osm_9202909866,,,,ev_1,,osm_9202909866_p1,24.2917,,,,,16.91,,,3560
,,charging_progress,,,,osm_11927677057,,,,ev_5,,osm_11927677057_p1,250.58,,,,,49.11,,,3560
,,charging_progress,,,,osm_11927677057,,,,ev_2,,osm_11927677057_p2,250.58,,,,,49.05,,,3560
,,charging_progress,,,,osm_11542817290,,,,ev_7,,osm_11542817290_p1,10.7556,,,,,9.73,,,3560
,,charging_progress,,,,osm_9202909866,,,,ev_1,,osm_9202909866_p1,26.125,,,,,17.11,,,3580
,,charging_progress,,,,osm_11927677057,,,,ev_5,,osm_11927677057_p1,252.0467,,,,,49.31,,,3580
,,charging_progress,,,,osm_11927677057,,,,ev_2,,osm_11927677057_p2,252.0467,,,,,49.26,,,3580
,,charging_progress,,,,osm_11542817290,,,,ev_7,,osm_11542817290_p1,12.7111,,,,,10.14,,,3580
,,charging_progress,,,,osm_9202909866,,,,ev_1,,osm_9202909866_p1,27.9583,,,,,17.31,,,3600
,,charging_progress,,,,osm_11927677057,,,,ev_5,,osm_11927677057_p1,253.5133,,,,,49.51,,,3600
,,charging_progress,,,,osm_11927677057,,,,ev_2,,osm_11927677057_p2,253.5133,,,,,49.46,,,3600
,,charging_progress,,,,osm_11542817290,,,,ev_7,,osm_11542817290_p1,14.6667,,,,,10.54,,,3600
,,charging_progress,,,,osm_9202909866,,,,ev_1,,osm_9202909866_p1,29.7917,,,,,17.52,,,3620
,,charging_progress,,,,osm_11927677057,,,,ev_5,,osm_11927677057_p1,254.98,,,,,49.72,,,3620
,,charging_progress,,,,osm_11927677057,,,,ev_2,,osm_11927677057_p2,254.98,,,,,49.66,,,3620
,,charging_progress,,,,osm_11542817290,,,,ev_7,,osm_11542817290_p1,16.6222,,,,,10.95,,,3620
,,charging_progress,,,,osm_9202909866,,,,ev_1,,osm_9202909866_p1,31.625,,,,,17.72,,,3640
,,charging_progress,,,,osm_11927677057,,,,ev_5,,osm_11927677057_p1,256.4467,,,,,49.92,,,3640
,,charging_progress,,,,osm_11927677057,,,,ev_2,,osm_11927677057_p2,256.4467,,,,,49.87,,,3640
,,charging_progress,,,,osm_11542817290,,,,ev_7,,osm_11542817290_p1,18.5778,,,,,11.36,,,3640
,,charging_progress,,,,osm_9202909866,,,,ev_1,,osm_9202909866_p1,33.4583,,,,,17.92,,,3660
,,charging_progress,,,,osm_11927677057,,,,ev_5,,osm_11927677057_p1,257.9133,,,,,50.13,,,3660
,,charging_progress,,,,osm_11927677057,,,,ev_2,,osm_11927677057_p2,257.9133,,,,,50.07,,,3660
,,charging_progress,,,,osm_11542817290,,,,ev_7,,osm_11542817290_p1,20.5333,,,,,11.77,,,3660
,,charging_progress,,,,osm_9202909866,,,,ev_1,,osm_9202909866_p1,35.2917,,,,,18.13,,,3680
,,charging_progress,,,,osm_11927677057,,,,ev_5,,osm_11927677057_p1,259.38,,,,,50.33,,,3680
,,charging_progress,,,,osm_11927677057,,,,ev_2,,osm_11927677057_p2,259.38,,,,,50.28,,,3680
,,charging_progress,,,,osm_11542817290,,,,ev_7,,osm_11542817290_p1,22.4889,,,,,12.17,,,3680
,,charging_progress,,,,osm_9202909866,,,,ev_1,,osm_9202909866_p1,37.125,,,,,18.33,,,3700
,,charging_progress,,,,osm_11927677057,,,,ev_5,,osm_11927677057_p1,260.8467,,,,,50.53,,,3700
,,charging_progress,,,,osm_11927677057,,,,ev_2,,osm_11927677057_p2,260.8467,,,,,50.48,,,3700
,,charging_progress,,,,osm_11542817290,,,,ev_7,,osm_11542817290_p1,24.4444,,,,,12.58,,,3700
,,charging_progress,,,,osm_9202909866,,,,ev_1,,osm_9202909866_p1,38.9583,,,,,18.54,,,3720
,,charging_progress,,,,osm_11927677057,,,,ev_5,,osm_11927677057_p1,262.3133,,,,,50.74,,,3720
,,charging_progress,,,,osm_11927677057,,,,ev_2,,osm_11927677057_p2,262.3133,,,,,50.68,,,3720
,,charging_progress,,,,osm_11542817290,,,,ev_7,,osm_11542817290_p1,26.4,,,,,12.99,,,3720
,,charging_progress,,,,osm_9202909866,,,,ev_1,,osm_9202909866_p1,40.7917,,,,,18.74,,,3740
,,charging_progress,,,,osm_11927677057,,,,ev_5,,osm_11927677057_p1,263.78,,,,,50.94,,,3740
,,charging_progress,,,,osm_11927677057,,,,ev_2,,osm_11927677057_p2,263.78,,,,,50.89,,,3740
,,charging_progress,,,,osm_11542817290,,,,ev_7,,osm_11542817290_p1,28.3556,,,,,13.4,,,3740
,,charging_progress,,,,osm_9202909866,,,,ev_1,,osm_9202909866_p1,42.625,,,,,18.94,,,3760
,,charging_progress,,,,osm_11927677057,,,,ev_5,,osm_11927677057_p1,265.2467,,,,,51.14,,,3760
,,charging_progress,,,,osm_11927677057,,,,ev_2,,osm_11927677057_p2,265.2467,,,,,51.09,,,3760
,,charging_progress,,,,osm_11542817290,,,,ev_7,,osm_11542817290_p1,30.3111,,,,,13.8,,,3760
,,charging_progress,,,,osm_9202909866,,,,ev_1,,osm_9202909866_p1,44.4583,,,,,19.15,,,3780
,,charging_progress,,,,osm_11927677057,,,,ev_5,,osm_11927677057_p1,266.7133,,,,,51.35,,,3780
,,charging_progress,,,,osm_11927677057,,,,ev_2,,osm_11927677057_p2,266.7133,,,,,51.29,,,3780
,,charging_progress,,,,osm_11542817290,,,,ev_7,,osm_11542817290_p1,32.2667,,,,,14.21,,,3780
,,charging_progress,,,,osm_9202909866,,,,ev_1,,osm_9202909866_p1,46.2917,,,,,19.35,,,3800
,,charging_progress,,,,osm_11927677057,,,,ev_5,,osm_11927677057_p1,268.18,,,,,51.55,,,3800
,,charging_progress,,,,osm_11927677057,,,,ev_2,,osm_11927677057_p2,268.18,,,,,51.5,,,3800
,,charging_progress,,,,osm_11542817290,,,,ev_7,,osm_11542817290_p1,34.2222,,,,,14.62,,,3800
,,charging_progress,,,,osm_9202909866,,,,ev_1,,osm_9202909866_p1,48.125,,,,,19.55,,,3820
,,charging_progress,,,,osm_11927677057,,,,ev_5,,osm_11927677057_p1,269.6467,,,,,51.76,,,3820
,,charging_progress,,,,osm_11927677057,,,,ev_2,,osm_11927677057_p2,269.6467,,,,,51.7,,,3820
,,charging_progress,,,,osm_11542817290,,,,ev_7,,osm_11542817290_p1,36.1778,,,,,15.03,,,3820
,,charging_progress,,,,osm_9202909866,,,,ev_1,,osm_9202909866_p1,49.9583,,,,,19.76,,,3840
,,charging_progress,,,,osm_11927677057,,,,ev_5,,osm_11927677057_p1,271.1133,,,,,51.96,,,3840
,,charging_progress,,,,osm_11927677057,,,,ev_2,,osm_11927677057_p2,271.1133,,,,,51.91,,,3840
,,charging_progress,,,,osm_11542817290,,,,ev_7,,osm_11542817290_p1,38.1333,,,,,15.43,,,3840
,,charging_progress,,,,osm_9202909866,,,,ev_1,,osm_9202909866_p1,51.7917,,,,,19.96,,,3860
,,charging_progress,,,,osm_11927677057,,,,ev_5,,osm_11927677057_p1,272.58,,,,,52.16,,,3860
,,charging_progress,,,,osm_11927677057,,,,ev_2,,osm_11927677057_p2,272.58,,,,,52.11,,,3860
,,charging_progress,,,,osm_11542817290,,,,ev_7,,osm_11542817290_p1,40.0889,,,,,15.84,,,3860
,,charging_progress,,,,osm_9202909866,,,,ev_1,,osm_9202909866_p1,53.625,,,,,20.17,,,3880
,,charging_progress,,,,osm_11927677057,,,,ev_5,,osm_11927677057_p1,274.0467,,,,,52.37,,,3880
,,charging_progress,,,,osm_11927677057,,,,ev_2,,osm_11927677057_p2,274.0467,,,,,52.31,,,3880
,,charging_progress,,,,osm_11542817290,,,,ev_7,,osm_11542817290_p1,42.0444,,,,,16.25,,,3880
,,charging_progress,,,,osm_9202909866,,,,ev_1,,osm_9202909866_p1,55.4583,,,,,20.37,,,3900
,,charging_progress,,,,osm_11927677057,,,,ev_5,,osm_11927677057_p1,275.5133,,,,,52.57,,,3900
,,charging_progress,,,,osm_11927677057,,,,ev_2,,osm_11927677057_p2,275.5133,,,,,52.52,,,3900
,,charging_progress,,,,osm_11542817290,,,,ev_7,,osm_11542817290_p1,44.0,,,,,16.65,,,3900
,,charging_progress,,,,osm_9202909866,,,,ev_1,,osm_9202909866_p1,57.2917,,,,,20.57,,,3920
,,charging_progress,,,,osm_11927677057,,,,ev_5,,osm_11927677057_p1,276.98,,,,,52.77,,,3920
,,charging_progress,,,,osm_11927677057,,,,ev_2,,osm_11927677057_p2,276.98,,,,,52.72,,,3920
,,charging_progress,,,,osm_11542817290,,,,ev_7,,osm_11542817290_p1,45.9556,,,,,17.06,,,3920
,,charging_progress,,,,osm_9202909866,,,,ev_1,,osm_9202909866_p1,59.125,,,,,20.78,,,3940
,,charging_progress,,,,osm_11927677057,,,,ev_5,,osm_11927677057_p1,278.4467,,,,,52.98,,,3940
,,charging_progress,,,,osm_11927677057,,,,ev_2,,osm_11927677057_p2,278.4467,,,,,52.92,,,3940
,,charging_progress,,,,osm_11542817290,,,,ev_7,,osm_11542817290_p1,47.9111,,,,,17.47,,,3940
,,charging_progress,,,,osm_9202909866,,,,ev_1,,osm_9202909866_p1,60.9583,,,,,20.98,,,3960
,,charging_progress,,,,osm_11927677057,,,,ev_5,,osm_11927677057_p1,279.9133,,,,,53.18,,,3960
,,charging_progress,,,,osm_11927677057,,,,ev_2,,osm_11927677057_p2,279.9133,,,,,53.13,,,3960
,,charging_progress,,,,osm_11542817290,,,,ev_7,,osm_11542817290_p1,49.8667,,,,,17.88,,,3960
,,charging_progress,,,,osm_9202909866,,,,ev_1,,osm_9202909866_p1,62.7917,,,,,21.18,,,3980
,,charging_progress,,,,osm_11927677057,,,,ev_5,,osm_11927677057_p1,281.38,,,,,53.38,,,3980
,,charging_progress,,,,osm_11927677057,,,,ev_2,,osm_11927677057_p2,281.38,,,,,53.33,,,3980
,,charging_progress,,,,osm_11542817290,,,,ev_7,,osm_11542817290_p1,51.8222,,,,,18.28,,,3980
,,charging_progress,,,,osm_9202909866,,,,ev_1,,osm_9202909866_p1,64.625,,,,,21.39,,,4000
,,charging_progress,,,,osm_11927677057,,,,ev_5,,osm_11927677057_p1,282.8467,,,,,53.59,,,4000
,,charging_progress,,,,osm_11927677057,,,,ev_2,,osm_11927677057_p2,282.8467,,,,,53.54,,,4000
,,charging_progress,,,,osm_11542817290,,,,ev_7,,osm_11542817290_p1,53.7778,,,,,18.69,,,4000
,,charging_progress,,,,osm_9202909866,,,,ev_1,,osm_9202909866_p1,66.4583,,,,,21.59,,,4020
,,charging_progress,,,,osm_11927677057,,,,ev_5,,osm_11927677057_p1,284.3133,,,,,53.79,,,4020
,,charging_progress,,,,osm_11927677057,,,,ev_2,,osm_11927677057_p2,284.3133,,,,,53.74,,,4020
,,charging_progress,,,,osm_11542817290,,,,ev_7,,osm_11542817290_p1,55.7333,,,,,19.1,,,4020
,,charging_progress,,,,osm_9202909866,,,,ev_1,,osm_9202909866_p1,68.2917,,,,,21.8,,,4040
,,charging_progress,,,,osm_11927677057,,,,ev_5,,osm_11927677057_p1,285.78,,,,,54.0,,,4040
,,charging_progress,,,,osm_11927677057,,,,ev_2,,osm_11927677057_p2,285.78,,,,,53.94,,,4040
,,charging_progress,,,,osm_11542817290,,,,ev_7,,osm_11542817290_p1,57.6889,,,,,19.51,,,4040
,,charging_progress,,,,osm_9202909866,,,,ev_1,,osm_9202909866_p1,70.125,,,,,22.0,,,4060
,,charging_progress,,,,osm_11927677057,,,,ev_5,,osm_11927677057_p1,287.2467,,,,,54.2,,,4060
,,charging_progress,,,,osm_11927677057,,,,ev_2,,osm_11927677057_p2,287.2467,,,,,54.15,,,4060
,,charging_progress,,,,osm_11542817290,,,,ev_7,,osm_11542817290_p1,59.6444,,,,,19.91,,,4060
,,charging_progress,,,,osm_9202909866,,,,ev_1,,osm_9202909866_p1,71.9583,,,,,22.2,,,4080
,,charging_progress,,,,osm_11927677057,,,,ev_5,,osm_11927677057_p1,288.7133,,,,,54.4,,,4080
,,charging_progress,,,,osm_11927677057,,,,ev_2,,osm_11927677057_p2,288.7133,,,,,54.35,,,4080
,,charging_progress,,,,osm_11542817290,,,,ev_7,,osm_11542817290_p1,61.6,,,,,20.32,,,4080
,,charging_progress,,,,osm_9202909866,,,,ev_1,,osm_9202909866_p1,73.7917,,,,,22.41,,,4100
,,charging_progress,,,,osm_11927677057,,,,ev_5,,osm_11927677057_p1,290.18,,,,,54.61,,,4100
,,charging_progress,,,,osm_11927677057,,,,ev_2,,osm_11927677057_p2,290.18,,,,,54.55,,,4100
,,charging_progress,,,,osm_11542817290,,,,ev_7,,osm_11542817290_p1,63.5556,,,,,20.73,,,4100
,,charging_progress,,,,osm_9202909866,,,,ev_1,,osm_9202909866_p1,75.625,,,,,22.61,,,4120
,,charging_progress,,,,osm_11927677057,,,,ev_5,,osm_11927677057_p1,291.6467,,,,,54.81,,,4120
,,charging_progress,,,,osm_11927677057,,,,ev_2,,osm_11927677057_p2,291.6467,,,,,54.76,,,4120
,,charging_progress,,,,osm_11542817290,,,,ev_7,,osm_11542817290_p1,65.5111,,,,,21.14,,,4120
,,charging_progress,,,,osm_9202909866,,,,ev_1,,osm_9202909866_p1,77.4583,,,,,22.81,,,4140
,,charging_progress,,,,osm_11927677057,,,,ev_5,,osm_11927677057_p1,293.1133,,,,,55.01,,,4140
,,charging_progress,,,,osm_11927677057,,,,ev_2,,osm_11927677057_p2,293.1133,,,,,54.96,,,4140
,,charging_progress,,,,osm_11542817290,,,,ev_7,,osm_11542817290_p1,67.4667,,,,,21.54,,,4140
,,charging_progress,,,,osm_9202909866,,,,ev_1,,osm_9202909866_p1,79.2917,,,,,23.02,,,4160
,,charging_progress,,,,osm_11927677057,,,,ev_5,,osm_11927677057_p1,294.58,,,,,55.22,,,4160
,,charging_progress,,,,osm_11927677057,,,,ev_2,,osm_11927677057_p2,294.58,,,,,55.16,,,4160
,,charging_progress,,,,osm_11542817290,,,,ev_7,,osm_11542817290_p1,69.4222,,,,,21.95,,,4160
,,charging_progress,,,,osm_9202909866,,,,ev_1,,osm_9202909866_p1,81.125,,,,,23.22,,,4180
,,charging_progress,,,,osm_11927677057,,,,ev_5,,osm_11927677057_p1,296.0467,,,,,55.42,,,4180
,,charging_progress,,,,osm_11927677057,,,,ev_2,,osm_11927677057_p2,296.0467,,,,,55.37,,,4180
,,charging_progress,,,,osm_11542817290,,,,ev_7,,osm_11542817290_p1,71.3778,,,,,22.36,,,4180
,,charging_progress,,,,osm_9202909866,,,,ev_1,,osm_9202909866_p1,82.9583,,,,,23.42,,,4200
,,charging_progress,,,,osm_11927677057,,,,ev_5,,osm_11927677057_p1,297.5133,,,,,55.63,,,4200
,,charging_progress,,,,osm_11927677057,,,,ev_2,,osm_11927677057_p2,297.5133,,,,,55.57,,,4200
,,charging_progress,,,,osm_11542817290,,,,ev_7,,osm_11542817290_p1,73.3333,,,,,22.77,,,4200
,,charging_progress,,,,osm_9202909866,,,,ev_1,,osm_9202909866_p1,84.7917,,,,,23.63,,,4220
,,charging_progress,,,,osm_11927677057,,,,ev_5,,osm_11927677057_p1,298.98,,,,,55.83,,,4220
,,charging_progress,,,,osm_11927677057,,,,ev_2,,osm_11927677057_p2,298.98,,,,,55.78,,,4220
,,charging_progress,,,,osm_11542817290,,,,ev_7,,osm_11542817290_p1,75.2889,,,,,23.17,,,4220
,,charging_progress,,,,osm_9202909866,,,,ev_1,,osm_9202909866_p1,86.625,,,,,23.83,,,4240
,,charging_progress,,,,osm_11927677057,,,,ev_5,,osm_11927677057_p1,300.4467,,,,,56.03,,,4240
,,charging_progress,,,,osm_11927677057,,,,ev_2,,osm_11927677057_p2,300.4467,,,,,55.98,,,4240
,,charging_progress,,,,osm_11542817290,,,,ev_7,,osm_11542817290_p1,77.2444,,,,,23.58,,,4240
,,charging_progress,,,,osm_9202909866,,,,ev_1,,osm_9202909866_p1,88.4583,,,,,24.04,,,4260
,,charging_progress,,,,osm_11927677057,,,,ev_5,,osm_11927677057_p1,301.9133,,,,,56.24,,,4260
,,charging_progress,,,,osm_11927677057,,,,ev_2,,osm_11927677057_p2,301.9133,,,,,56.18,,,4260
,,charging_progress,,,,osm_11542817290,,,,ev_7,,osm_11542817290_p1,79.2,,,,,23.99,,,4260
,,charging_progress,,,,osm_9202909866,,,,ev_1,,osm_9202909866_p1,90.2917,,,,,24.24,,,4280
,,charging_progress,,,,osm_11927677057,,,,ev_5,,osm_11927677057_p1,303.38,,,,,56.44,,,4280
,,charging_progress,,,,osm_11927677057,,,,ev_2,,osm_11927677057_p2,303.38,,,,,56.39,,,4280
,,charging_progress,,,,osm_11542817290,,,,ev_7,,osm_11542817290_p1,81.1556,,,,,24.4,,,4280
,,charging_progress,,,,osm_9202909866,,,,ev_1,,osm_9202909866_p1,92.125,,,,,24.44,,,4300
,,charging_progress,,,,osm_11927677057,,,,ev_5,,osm_11927677057_p1,304.8467,,,,,56.64,,,4300
,,charging_progress,,,,osm_11927677057,,,,ev_2,,osm_11927677057_p2,304.8467,,,,,56.59,,,4300
,,charging_progress,,,,osm_11542817290,,,,ev_7,,osm_11542817290_p1,83.1111,,,,,24.8,,,4300
,,charging_progress,,,,osm_9202909866,,,,ev_1,,osm_9202909866_p1,93.9583,,,,,24.65,,,4320
,,charging_progress,,,,osm_11927677057,,,,ev_5,,osm_11927677057_p1,306.3133,,,,,56.85,,,4320
,,charging_progress,,,,osm_11927677057,,,,ev_2,,osm_11927677057_p2,306.3133,,,,,56.79,,,4320
,,charging_progress,,,,osm_11542817290,,,,ev_7,,osm_11542817290_p1,85.0667,,,,,25.21,,,4320
,,charging_progress,,,,osm_9202909866,,,,ev_1,,osm_9202909866_p1,95.7917,,,,,24.85,,,4340
,,charging_progress,,,,osm_11927677057,,,,ev_5,,osm_11927677057_p1,307.78,,,,,57.05,,,4340
,,charging_progress,,,,osm_11927677057,,,,ev_2,,osm_11927677057_p2,307.78,,,,,57.0,,,4340
,,charging_progress,,,,osm_11542817290,,,,ev_7,,osm_11542817290_p1,87.0222,,,,,25.62,,,4340
,,charging_progress,,,,osm_9202909866,,,,ev_1,,osm_9202909866_p1,97.625,,,,,25.05,,,4360
,,charging_progress,,,,osm_11927677057,,,,ev_5,,osm_11927677057_p1,309.2467,,,,,57.26,,,4360
,,charging_progress,,,,osm_11927677057,,,,ev_2,,osm_11927677057_p2,309.2467,,,,,57.2,,,4360
,,charging_progress,,,,osm_11542817290,,,,ev_7,,osm_11542817290_p1,88.9778,,,,,26.03,,,4360
,,charging_progress,,,,osm_9202909866,,,,ev_1,,osm_9202909866_p1,99.4583,,,,,25.26,,,4380
,,charging_progress,,,,osm_11927677057,,,,ev_5,,osm_11927677057_p1,310.7133,,,,,57.46,,,4380
,,charging_progress,,,,osm_11927677057,,,,ev_2,,osm_11927677057_p2,310.7133,,,,,57.41,,,4380
,,charging_progress,,,,osm_11542817290,,,,ev_7,,osm_11542817290_p1,90.9333,,,,,26.43,,,4380
,,charging_progress,,,,osm_9202909866,,,,ev_1,,osm_9202909866_p1,101.2917,,,,,25.46,,,4400
,,charging_progress,,,,osm_11927677057,,,,ev_5,,osm_11927677057_p1,312.18,,,,,57.66,,,4400
,,charging_progress,,,,osm_11927677057,,,,ev_2,,osm_11927677057_p2,312.18,,,,,57.61,,,4400
,,charging_progress,,,,osm_11542817290,,,,ev_7,,osm_11542817290_p1,92.8889,,,,,26.84,,,4400
,,charging_progress,,,,osm_9202909866,,,,ev_1,,osm_9202909866_p1,103.125,,,,,25.67,,,4420
,,charging_progress,,,,osm_11927677057,,,,ev_5,,osm_11927677057_p1,313.6467,,,,,57.87,,,4420
,,charging_progress,,,,osm_11927677057,,,,ev_2,,osm_11927677057_p2,313.6467,,,,,57.81,,,4420
,,charging_progress,,,,osm_11542817290,,,,ev_7,,osm_11542817290_p1,94.8444,,,,,27.25,,,4420
,,charging_progress,,,,osm_9202909866,,,,ev_1,,osm_9202909866_p1,104.9583,,,,,25.87,,,4440
,,charging_progress,,,,osm_11927677057,,,,ev_5,,osm_11927677057_p1,315.1133,,,,,58.07,,,4440
,,charging_progress,,,,osm_11927677057,,,,ev_2,,osm_11927677057_p2,315.1133,,,,,58.02,,,4440
,,charging_progress,,,,osm_11542817290,,,,ev_7,,osm_11542817290_p1,96.8,,,,,27.65,,,4440
,,charging_progress,,,,osm_9202909866,,,,ev_1,,osm_9202909866_p1,106.7917,,,,,26.07,,,4460
,,charging_progress,,,,osm_11927677057,,,,ev_5,,osm_11927677057_p1,316.58,,,,,58.27,,,4460
,,charging_progress,,,,osm_11927677057,,,,ev_2,,osm_11927677057_p2,316.58,,,,,58.22,,,4460
,,charging_progress,,,,osm_11542817290,,,,ev_7,,osm_11542817290_p1,98.7556,,,,,28.06,,,4460
,,charging_progress,,,,osm_9202909866,,,,ev_1,,osm_9202909866_p1,108.625,,,,,26.28,,,4480
,,charging_progress,,,,osm_11927677057,,,,ev_5,,osm_11927677057_p1,318.0467,,,,,58.48,,,4480
,,charging_progress,,,,osm_11927677057,,,,ev_2,,osm_11927677057_p2,318.0467,,,,,58.42,,,4480
,,charging_progress,,,,osm_11542817290,,,,ev_7,,osm_11542817290_p1,100.7111,,,,,28.47,,,4480
,,charging_progress,,,,osm_9202909866,,,,ev_1,,osm_9202909866_p1,110.4583,,,,,26.48,,,4500
,,charging_progress,,,,osm_11927677057,,,,ev_5,,osm_11927677057_p1,319.5133,,,,,58.68,,,4500
,,charging_progress,,,,osm_11927677057,,,,ev_2,,osm_11927677057_p2,319.5133,,,,,58.63,,,4500
,,charging_progress,,,,osm_11542817290,,,,ev_7,,osm_11542817290_p1,102.6667,,,,,28.88,,,4500
,,charging_progress,,,,osm_9202909866,,,,ev_1,,osm_9202909866_p1,112.2917,,,,,26.68,,,4520
,,charging_progress,,,,osm_11927677057,,,,ev_5,,osm_11927677057_p1,320.98,,,,,58.88,,,4520
,,charging_progress,,,,osm_11927677057,,,,ev_2,,osm_11927677057_p2,320.98,,,,,58.83,,,4520
,,charging_progress,,,,osm_11542817290,,,,ev_7,,osm_11542817290_p1,104.6222,,,,,29.28,,,4520
,,charging_progress,,,,osm_9202909866,,,,ev_1,,osm_9202909866_p1,114.125,,,,,26.89,,,4540
,,charging_progress,,,,osm_11927677057,,,,ev_5,,osm_11927677057_p1,322.4467,,,,,59.09,,,4540
,,charging_progress,,,,osm_11927677057,,,,ev_2,,osm_11927677057_p2,322.4467,,,,,59.04,,,4540
,,charging_progress,,,,osm_11542817290,,,,ev_7,,osm_11542817290_p1,106.5778,,,,,29.69,,,4540
,,charging_progress,,,,osm_9202909866,,,,ev_1,,osm_9202909866_p1,115.9583,,,,,27.09,,,4560
,,charging_progress,,,,osm_11927677057,,,,ev_5,,osm_11927677057_p1,323.9133,,,,,59.29,,,4560
,,charging_progress,,,,osm_11927677057,,,,ev_2,,osm_11927677057_p2,323.9133,,,,,59.24,,,4560
,,charging_progress,,,,osm_11542817290,,,,ev_7,,osm_11542817290_p1,108.5333,,,,,30.1,,,4560
,,charging_progress,,,,osm_9202909866,,,,ev_1,,osm_9202909866_p1,117.7917,,,,,27.3,,,4580
,,charging_progress,,,,osm_11927677057,,,,ev_5,,osm_11927677057_p1,325.38,,,,,59.5,,,4580
,,charging_progress,,,,osm_11927677057,,,,ev_2,,osm_11927677057_p2,325.38,,,,,59.44,,,4580
,,charging_progress,,,,osm_11542817290,,,,ev_7,,osm_11542817290_p1,110.4889,,,,,30.51,,,4580
,,charging_progress,,,,osm_9202909866,,,,ev_1,,osm_9202909866_p1,119.625,,,,,27.5,,,4600
,,charging_progress,,,,osm_11927677057,,,,ev_5,,osm_11927677057_p1,326.8467,,,,,59.7,,,4600
,,charging_progress,,,,osm_11927677057,,,,ev_2,,osm_11927677057_p2,326.8467,,,,,59.65,,,4600
,,charging_progress,,,,osm_11542817290,,,,ev_7,,osm_11542817290_p1,112.4444,,,,,30.91,,,4600
,,charging_progress,,,,osm_9202909866,,,,ev_1,,osm_9202909866_p1,121.4583,,,,,27.7,,,4620
,,charging_progress,,,,osm_11927677057,,,,ev_5,,osm_11927677057_p1,328.3133,,,,,59.9,,,4620
,,charging_progress,,,,osm_11927677057,,,,ev_2,,osm_11927677057_p2,328.3133,,,,,59.85,,,4620
,,charging_progress,,,,osm_11542817290,,,,ev_7,,osm_11542817290_p1,114.4,,,,,31.32,,,4620
,,charging_progress,,,,osm_9202909866,,,,ev_1,,osm_9202909866_p1,123.2917,,,,,27.91,,,4640
,,charging_progress,,,,osm_11927677057,,,,ev_5,,osm_11927677057_p1,329.78,,,,,60.11,,,4640
,,charging_progress,,,,osm_11927677057,,,,ev_2,,osm_11927677057_p2,329.78,,,,,60.05,,,4640
,,charging_progress,,,,osm_11542817290,,,,ev_7,,osm_11542817290_p1,116.3556,,,,,31.73,,,4640
,,charging_progress,,,,osm_9202909866,,,,ev_1,,osm_9202909866_p1,125.125,,,,,28.11,,,4660
,,charging_progress,,,,osm_11927677057,,,,ev_5,,osm_11927677057_p1,331.2467,,,,,60.31,,,4660
,,charging_progress,,,,osm_11927677057,,,,ev_2,,osm_11927677057_p2,331.2467,,,,,60.26,,,4660
,,charging_progress,,,,osm_11542817290,,,,ev_7,,osm_11542817290_p1,118.3111,,,,,32.14,,,4660
,,charging_progress,,,,osm_9202909866,,,,ev_1,,osm_9202909866_p1,126.9583,,,,,28.31,,,4680
,,charging_progress,,,,osm_11927677057,,,,ev_5,,osm_11927677057_p1,332.7133,,,,,60.51,,,4680
,,charging_progress,,,,osm_11927677057,,,,ev_2,,osm_11927677057_p2,332.7133,,,,,60.46,,,4680
,,charging_progress,,,,osm_11542817290,,,,ev_7,,osm_11542817290_p1,120.2667,,,,,32.54,,,4680
,,charging_progress,,,,osm_9202909866,,,,ev_1,,osm_9202909866_p1,128.7917,,,,,28.52,,,4700
,,charging_progress,,,,osm_11927677057,,,,ev_5,,osm_11927677057_p1,334.18,,,,,60.72,,,4700
,,charging_progress,,,,osm_11927677057,,,,ev_2,,osm_11927677057_p2,334.18,,,,,60.66,,,4700
,,charging_progress,,,,osm_11542817290,,,,ev_7,,osm_11542817290_p1,122.2222,,,,,32.95,,,4700
,,charging_progress,,,,osm_9202909866,,,,ev_1,,osm_9202909866_p1,130.625,,,,,28.72,,,4720
,,charging_progress,,,,osm_11927677057,,,,ev_5,,osm_11927677057_p1,335.6467,,,,,60.92,,,4720
,,charging_progress,,,,osm_11927677057,,,,ev_2,,osm_11927677057_p2,335.6467,,,,,60.87,,,4720
,,charging_progress,,,,osm_11542817290,,,,ev_7,,osm_11542817290_p1,124.1778,,,,,33.36,,,4720
,,charging_progress,,,,osm_9202909866,,,,ev_1,,osm_9202909866_p1,132.4583,,,,,28.92,,,4740
,,charging_progress,,,,osm_11927677057,,,,ev_5,,osm_11927677057_p1,337.1133,,,,,61.13,,,4740
,,charging_progress,,,,osm_11927677057,,,,ev_2,,osm_11927677057_p2,337.1133,,,,,61.07,,,4740
,,charging_progress,,,,osm_11542817290,,,,ev_7,,osm_11542817290_p1,126.1333,,,,,33.77,,,4740
,,charging_progress,,,,osm_9202909866,,,,ev_1,,osm_9202909866_p1,134.2917,,,,,29.13,,,4760
,,charging_progress,,,,osm_11927677057,,,,ev_5,,osm_11927677057_p1,338.58,,,,,61.33,,,4760
,,charging_progress,,,,osm_11927677057,,,,ev_2,,osm_11927677057_p2,338.58,,,,,61.28,,,4760
,,charging_progress,,,,osm_11542817290,,,,ev_7,,osm_11542817290_p1,128.0889,,,,,34.17,,,4760
,,charging_progress,,,,osm_9202909866,,,,ev_1,,osm_9202909866_p1,136.125,,,,,29.33,,,4780
,,charging_progress,,,,osm_11927677057,,,,ev_5,,osm_11927677057_p1,340.0467,,,,,61.53,,,4780
,,charging_progress,,,,osm_11927677057,,,,ev_2,,osm_11927677057_p2,340.0467,,,,,61.48,,,4780
,,charging_progress,,,,osm_11542817290,,,,ev_7,,osm_11542817290_p1,130.0444,,,,,34.58,,,4780
,,charging_progress,,,,osm_9202909866,,,,ev_1,,osm_9202909866_p1,137.9583,,,,,29.54,,,4800
,,charging_progress,,,,osm_11927677057,,,,ev_5,,osm_11927677057_p1,341.5133,,,,,61.74,,,4800
,,charging_progress,,,,osm_11927677057,,,,ev_2,,osm_11927677057_p2,341.5133,,,,,61.68,,,4800
,,charging_progress,,,,osm_11542817290,,,,ev_7,,osm_11542817290_p1,132.0,,,,,34.99,,,4800
,,charging_progress,,,,osm_9202909866,,,,ev_1,,osm_9202909866_p1,139.7917,,,,,29.74,,,4820
,,charging_progress,,,,osm_11927677057,,,,ev_5,,osm_11927677057_p1,342.98,,,,,61.94,,,4820
,,charging_progress,,,,osm_11927677057,,,,ev_2,,osm_11927677057_p2,342.98,,,,,61.89,,,4820
,,charging_progress,,,,osm_11542817290,,,,ev_7,,osm_11542817290_p1,133.9556,,,,,35.4,,,4820
,,charging_progress,,,,osm_9202909866,,,,ev_1,,osm_9202909866_p1,141.625,,,,,29.94,,,4840
,,charging_progress,,,,osm_11927677057,,,,ev_5,,osm_11927677057_p1,344.4467,,,,,62.14,,,4840
,,charging_progress,,,,osm_11927677057,,,,ev_2,,osm_11927677057_p2,344.4467,,,,,62.09,,,4840
,,charging_progress,,,,osm_11542817290,,,,ev_7,,osm_11542817290_p1,135.9111,,,,,35.8,,,4840
,,charging_progress,,,,osm_9202909866,,,,ev_1,,osm_9202909866_p1,143.4583,,,,,30.15,,,4860
,,charging_progress,,,,osm_11927677057,,,,ev_5,,osm_11927677057_p1,345.9133,,,,,62.35,,,4860
,,charging_progress,,,,osm_11927677057,,,,ev_2,,osm_11927677057_p2,345.9133,,,,,62.29,,,4860
,,charging_progress,,,,osm_11542817290,,,,ev_7,,osm_11542817290_p1,137.8667,,,,,36.21,,,4860
,,charging_progress,,,,osm_9202909866,,,,ev_1,,osm_9202909866_p1,145.2917,,,,,30.35,,,4880
,,charging_progress,,,,osm_11927677057,,,,ev_5,,osm_11927677057_p1,347.38,,,,,62.55,,,4880
,,charging_progress,,,,osm_11927677057,,,,ev_2,,osm_11927677057_p2,347.38,,,,,62.5,,,4880
,,charging_progress,,,,osm_11542817290,,,,ev_7,,osm_11542817290_p1,139.8222,,,,,36.62,,,4880
,,charging_progress,,,,osm_9202909866,,,,ev_1,,osm_9202909866_p1,147.125,,,,,30.55,,,4900
,,charging_progress,,,,osm_11927677057,,,,ev_5,,osm_11927677057_p1,348.8467,,,,,62.76,,,4900
,,charging_progress,,,,osm_11927677057,,,,ev_2,,osm_11927677057_p2,348.8467,,,,,62.7,,,4900
,,charging_progress,,,,osm_11542817290,,,,ev_7,,osm_11542817290_p1,141.7778,,,,,37.03,,,4900
,,charging_progress,,,,osm_9202909866,,,,ev_1,,osm_9202909866_p1,148.9583,,,,,30.76,,,4920
,,charging_progress,,,,osm_11927677057,,,,ev_5,,osm_11927677057_p1,350.3133,,,,,62.96,,,4920
,,charging_progress,,,,osm_11927677057,,,,ev_2,,osm_11927677057_p2,350.3133,,,,,62.91,,,4920
,,charging_progress,,,,osm_11542817290,,,,ev_7,,osm_11542817290_p1,143.7333,,,,,37.43,,,4920
,,charging_progress,,,,osm_9202909866,,,,ev_1,,osm_9202909866_p1,150.7917,,,,,30.96,,,4940
,,charging_progress,,,,osm_11927677057,,,,ev_5,,osm_11927677057_p1,351.78,,,,,63.16,,,4940
,,charging_progress,,,,osm_11927677057,,,,ev_2,,osm_11927677057_p2,351.78,,,,,63.11,,,4940
,,charging_progress,,,,osm_11542817290,,,,ev_7,,osm_11542817290_p1,145.6889,,,,,37.84,,,4940
,,charging_progress,,,,osm_9202909866,,,,ev_1,,osm_9202909866_p1,152.625,,,,,31.17,,,4960
,,charging_progress,,,,osm_11927677057,,,,ev_5,,osm_11927677057_p1,353.2467,,,,,63.37,,,4960
,,charging_progress,,,,osm_11927677057,,,,ev_2,,osm_11927677057_p2,353.2467,,,,,63.31,,,4960
,,charging_progress,,,,osm_11542817290,,,,ev_7,,osm_11542817290_p1,147.6444,,,,,38.25,,,4960
,,charging_progress,,,,osm_9202909866,,,,ev_1,,osm_9202909866_p1,154.4583,,,,,31.37,,,4980
,,charging_progress,,,,osm_11927677057,,,,ev_5,,osm_11927677057_p1,354.7133,,,,,63.57,,,4980
,,charging_progress,,,,osm_11927677057,,,,ev_2,,osm_11927677057_p2,354.7133,,,,,63.52,,,4980
,,charging_progress,,,,osm_11542817290,,,,ev_7,,osm_11542817290_p1,149.6,,,,,38.65,,,4980
,,charging_progress,,,,osm_9202909866,,,,ev_1,,osm_9202909866_p1,156.2917,,,,,31.57,,,5000
,,charging_progress,,,,osm_11927677057,,,,ev_5,,osm_11927677057_p1,356.18,,,,,63.77,,,5000
,,charging_progress,,,,osm_11927677057,,,,ev_2,,osm_11927677057_p2,356.18,,,,,63.72,,,5000
,,charging_progress,,,,osm_11542817290,,,,ev_7,,osm_11542817290_p1,151.5556,,,,,39.06,,,5000
,,charging_progress,,,,osm_9202909866,,,,ev_1,,osm_9202909866_p1,158.125,,,,,31.78,,,5020
,,charging_progress,,,,osm_11927677057,,,,ev_5,,osm_11927677057_p1,357.6467,,,,,63.98,,,5020
,,charging_progress,,,,osm_11927677057,,,,ev_2,,osm_11927677057_p2,357.6467,,,,,63.92,,,5020
,,charging_progress,,,,osm_11542817290,,,,ev_7,,osm_11542817290_p1,153.5111,,,,,39.47,,,5020
,,charging_progress,,,,osm_9202909866,,,,ev_1,,osm_9202909866_p1,159.9583,,,,,31.98,,,5040
,,charging_progress,,,,osm_11927677057,,,,ev_5,,osm_11927677057_p1,359.1133,,,,,64.18,,,5040
,,charging_progress,,,,osm_11927677057,,,,ev_2,,osm_11927677057_p2,359.1133,,,,,64.13,,,5040
,,charging_progress,,,,osm_11542817290,,,,ev_7,,osm_11542817290_p1,155.4667,,,,,39.88,,,5040
,,charging_progress,,,,osm_9202909866,,,,ev_1,,osm_9202909866_p1,161.7917,,,,,32.18,,,5060
,,charging_progress,,,,osm_11927677057,,,,ev_5,,osm_11927677057_p1,360.58,,,,,64.38,,,5060
,,charging_progress,,,,osm_11927677057,,,,ev_2,,osm_11927677057_p2,360.58,,,,,64.33,,,5060
,,charging_progress,,,,osm_11542817290,,,,ev_7,,osm_11542817290_p1,157.4222,,,,,40.28,,,5060
,,charging_progress,,,,osm_9202909866,,,,ev_1,,osm_9202909866_p1,163.625,,,,,32.39,,,5080
,,charging_progress,,,,osm_11927677057,,,,ev_5,,osm_11927677057_p1,362.0467,,,,,64.59,,,5080
,,charging_progress,,,,osm_11927677057,,,,ev_2,,osm_11927677057_p2,362.0467,,,,,64.54,,,5080
,,charging_progress,,,,osm_11542817290,,,,ev_7,,osm_11542817290_p1,159.3778,,,,,40.69,,,5080
,,charging_progress,,,,osm_9202909866,,,,ev_1,,osm_9202909866_p1,165.4583,,,,,32.59,,,5100
,,charging_progress,,,,osm_11927677057,,,,ev_5,,osm_11927677057_p1,363.5133,,,,,64.79,,,5100
,,charging_progress,,,,osm_11927677057,,,,ev_2,,osm_11927677057_p2,363.5133,,,,,64.74,,,5100
,,charging_progress,,,,osm_11542817290,,,,ev_7,,osm_11542817290_p1,161.3333,,,,,41.1,,,5100
,,charging_progress,,,,osm_9202909866,,,,ev_1,,osm_9202909866_p1,167.2917,,,,,32.8,,,5120
,,charging_progress,,,,osm_11927677057,,,,ev_5,,osm_11927677057_p1,364.98,,,,,65.0,,,5120
,,charging_progress,,,,osm_11927677057,,,,ev_2,,osm_11927677057_p2,364.98,,,,,64.94,,,5120
,,charging_progress,,,,osm_11542817290,,,,ev_7,,osm_11542817290_p1,163.2889,,,,,41.51,,,5120
,,charging_progress,,,,osm_9202909866,,,,ev_1,,osm_9202909866_p1,169.125,,,,,33.0,,,5140
,,charging_progress,,,,osm_11927677057,,,,ev_5,,osm_11927677057_p1,366.4467,,,,,65.2,,,5140
,,charging_progress,,,,osm_11927677057,,,,ev_2,,osm_11927677057_p2,366.4467,,,,,65.15,,,5140
,,charging_progress,,,,osm_11542817290,,,,ev_7,,osm_11542817290_p1,165.2444,,,,,41.91,,,5140
,,charging_progress,,,,osm_9202909866,,,,ev_1,,osm_9202909866_p1,170.9583,,,,,33.2,,,5160
,,charging_progress,,,,osm_11927677057,,,,ev_5,,osm_11927677057_p1,367.9133,,,,,65.4,,,5160
,,charging_progress,,,,osm_11927677057,,,,ev_2,,osm_11927677057_p2,367.9133,,,,,65.35,,,5160
,,charging_progress,,,,osm_11542817290,,,,ev_7,,osm_11542817290_p1,167.2,,,,,42.32,,,5160
,,charging_progress,,,,osm_9202909866,,,,ev_1,,osm_9202909866_p1,172.7917,,,,,33.41,,,5180
,,charging_progress,,,,osm_11927677057,,,,ev_5,,osm_11927677057_p1,369.38,,,,,65.61,,,5180
,,charging_progress,,,,osm_11927677057,,,,ev_2,,osm_11927677057_p2,369.38,,,,,65.55,,,5180
,,charging_progress,,,,osm_11542817290,,,,ev_7,,osm_11542817290_p1,169.1556,,,,,42.73,,,5180
,,charging_progress,,,,osm_9202909866,,,,ev_1,,osm_9202909866_p1,174.625,,,,,33.61,,,5200
,,charging_progress,,,,osm_11927677057,,,,ev_5,,osm_11927677057_p1,370.8467,,,,,65.81,,,5200
,,charging_progress,,,,osm_11927677057,,,,ev_2,,osm_11927677057_p2,370.8467,,,,,65.76,,,5200
,,charging_progress,,,,osm_11542817290,,,,ev_7,,osm_11542817290_p1,171.1111,,,,,43.14,,,5200
,,charging_progress,,,,osm_9202909866,,,,ev_1,,osm_9202909866_p1,176.4583,,,,,33.81,,,5220
,,charging_progress,,,,osm_11927677057,,,,ev_5,,osm_11927677057_p1,372.3133,,,,,66.01,,,5220
,,charging_progress,,,,osm_11927677057,,,,ev_2,,osm_11927677057_p2,372.3133,,,,,65.96,,,5220
,,charging_progress,,,,osm_11542817290,,,,ev_7,,osm_11542817290_p1,173.0667,,,,,43.54,,,5220
,,charging_progress,,,,osm_9202909866,,,,ev_1,,osm_9202909866_p1,178.2917,,,,,34.02,,,5240
,,charging_progress,,,,osm_11927677057,,,,ev_5,,osm_11927677057_p1,373.78,,,,,66.22,,,5240
,,charging_progress,,,,osm_11927677057,,,,ev_2,,osm_11927677057_p2,373.78,,,,,66.16,,,5240
,,charging_progress,,,,osm_11542817290,,,,ev_7,,osm_11542817290_p1,175.0222,,,,,43.95,,,5240
,,charging_progress,,,,osm_9202909866,,,,ev_1,,osm_9202909866_p1,180.125,,,,,34.22,,,5260
,,charging_progress,,,,osm_11927677057,,,,ev_5,,osm_11927677057_p1,375.2467,,,,,66.42,,,5260
,,charging_progress,,,,osm_11927677057,,,,ev_2,,osm_11927677057_p2,375.2467,,,,,66.37,,,5260
,,charging_progress,,,,osm_11542817290,,,,ev_7,,osm_11542817290_p1,176.9778,,,,,44.36,,,5260
,,charging_progress,,,,osm_9202909866,,,,ev_1,,osm_9202909866_p1,181.9583,,,,,34.42,,,5280
,,charging_progress,,,,osm_11927677057,,,,ev_5,,osm_11927677057_p1,376.7133,,,,,66.63,,,5280
,,charging_progress,,,,osm_11927677057,,,,ev_2,,osm_11927677057_p2,376.7133,,,,,66.57,,,5280
,,charging_progress,,,,osm_11542817290,,,,ev_7,,osm_11542817290_p1,178.9333,,,,,44.77,,,5280
,,charging_progress,,,,osm_9202909866,,,,ev_1,,osm_9202909866_p1,183.7917,,,,,34.63,,,5300
,,charging_progress,,,,osm_11927677057,,,,ev_5,,osm_11927677057_p1,378.18,,,,,66.83,,,5300
,,charging_progress,,,,osm_11927677057,,,,ev_2,,osm_11927677057_p2,378.18,,,,,66.78,,,5300
,,charging_progress,,,,osm_11542817290,,,,ev_7,,osm_11542817290_p1,180.8889,,,,,45.17,,,5300
,,charging_progress,,,,osm_9202909866,,,,ev_1,,osm_9202909866_p1,185.625,,,,,34.83,,,5320
,,charging_progress,,,,osm_11927677057,,,,ev_5,,osm_11927677057_p1,379.6467,,,,,67.03,,,5320
,,charging_progress,,,,osm_11927677057,,,,ev_2,,osm_11927677057_p2,379.6467,,,,,66.98,,,5320
,,charging_progress,,,,osm_11542817290,,,,ev_7,,osm_11542817290_p1,182.8444,,,,,45.58,,,5320
,,charging_progress,,,,osm_9202909866,,,,ev_1,,osm_9202909866_p1,187.4583,,,,,35.04,,,5340
,,charging_progress,,,,osm_11927677057,,,,ev_5,,osm_11927677057_p1,381.1133,,,,,67.24,,,5340
,,charging_progress,,,,osm_11927677057,,,,ev_2,,osm_11927677057_p2,381.1133,,,,,67.18,,,5340
,,charging_progress,,,,osm_11542817290,,,,ev_7,,osm_11542817290_p1,184.8,,,,,45.99,,,5340
,,charging_progress,,,,osm_9202909866,,,,ev_1,,osm_9202909866_p1,189.2917,,,,,35.24,,,5360
,,charging_progress,,,,osm_11927677057,,,,ev_5,,osm_11927677057_p1,382.58,,,,,67.44,,,5360
,,charging_progress,,,,osm_11927677057,,,,ev_2,,osm_11927677057_p2,382.58,,,,,67.39,,,5360
,,charging_progress,,,,osm_11542817290,,,,ev_7,,osm_11542817290_p1,186.7556,,,,,46.4,,,5360
,,charging_progress,,,,osm_9202909866,,,,ev_1,,osm_9202909866_p1,191.125,,,,,35.44,,,5380
,,charging_progress,,,,osm_11927677057,,,,ev_5,,osm_11927677057_p1,384.0467,,,,,67.64,,,5380
,,charging_progress,,,,osm_11927677057,,,,ev_2,,osm_11927677057_p2,384.0467,,,,,67.59,,,5380
,,charging_progress,,,,osm_11542817290,,,,ev_7,,osm_11542817290_p1,188.7111,,,,,46.8,,,5380
,,charging_progress,,,,osm_9202909866,,,,ev_1,,osm_9202909866_p1,192.9583,,,,,35.65,,,5400
,,charging_progress,,,,osm_11927677057,,,,ev_5,,osm_11927677057_p1,385.5133,,,,,67.85,,,5400
,,charging_progress,,,,osm_11927677057,,,,ev_2,,osm_11927677057_p2,385.5133,,,,,67.79,,,5400
,,charging_progress,,,,osm_11542817290,,,,ev_7,,osm_11542817290_p1,190.6667,,,,,47.21,,,5400
,,charging_progress,,,,osm_9202909866,,,,ev_1,,osm_9202909866_p1,194.7917,,,,,35.85,,,5420
,,charging_progress,,,,osm_11927677057,,,,ev_5,,osm_11927677057_p1,386.98,,,,,68.05,,,5420
,,charging_progress,,,,osm_11927677057,,,,ev_2,,osm_11927677057_p2,386.98,,,,,68.0,,,5420
,,charging_progress,,,,osm_11542817290,,,,ev_7,,osm_11542817290_p1,192.6222,,,,,47.62,,,5420
,,charging_progress,,,,osm_9202909866,,,,ev_1,,osm_9202909866_p1,196.625,,,,,36.05,,,5440
,,charging_progress,,,,osm_11927677057,,,,ev_5,,osm_11927677057_p1,388.4467,,,,,68.26,,,5440
,,charging_progress,,,,osm_11927677057,,,,ev_2,,osm_11927677057_p2,388.4467,,,,,68.2,,,5440
,,charging_progress,,,,osm_11542817290,,,,ev_7,,osm_11542817290_p1,194.5778,,,,,48.03,,,5440
,,charging_progress,,,,osm_9202909866,,,,ev_1,,osm_9202909866_p1,198.4583,,,,,36.26,,,5460
,,charging_progress,,,,osm_11927677057,,,,ev_5,,osm_11927677057_p1,389.9133,,,,,68.46,,,5460
,,charging_progress,,,,osm_11927677057,,,,ev_2,,osm_11927677057_p2,389.9133,,,,,68.41,,,5460
,,charging_progress,,,,osm_11542817290,,,,ev_7,,osm_11542817290_p1,196.5333,,,,,48.43,,,5460
,,charging_progress,,,,osm_9202909866,,,,ev_1,,osm_9202909866_p1,200.2917,,,,,36.46,,,5480
,,charging_progress,,,,osm_11927677057,,,,ev_5,,osm_11927677057_p1,391.38,,,,,68.66,,,5480
,,charging_progress,,,,osm_11927677057,,,,ev_2,,osm_11927677057_p2,391.38,,,,,68.61,,,5480
,,charging_progress,,,,osm_11542817290,,,,ev_7,,osm_11542817290_p1,198.4889,,,,,48.84,,,5480
,,charging_progress,,,,osm_9202909866,,,,ev_1,,osm_9202909866_p1,202.125,,,,,36.67,,,5500
,,charging_progress,,,,osm_11927677057,,,,ev_5,,osm_11927677057_p1,392.8467,,,,,68.87,,,5500
,,charging_progress,,,,osm_11927677057,,,,ev_2,,osm_11927677057_p2,392.8467,,,,,68.81,,,5500
,,charging_progress,,,,osm_11542817290,,,,ev_7,,osm_11542817290_p1,200.4444,,,,,49.25,,,5500
,,charging_progress,,,,osm_9202909866,,,,ev_1,,osm_9202909866_p1,203.9583,,,,,36.87,,,5520
,,charging_progress,,,,osm_11927677057,,,,ev_5,,osm_11927677057_p1,394.3133,,,,,69.07,,,5520
,,charging_progress,,,,osm_11927677057,,,,ev_2,,osm_11927677057_p2,394.3133,,,,,69.02,,,5520
,,charging_progress,,,,osm_11542817290,,,,ev_7,,osm_11542817290_p1,202.4,,,,,49.65,,,5520
,,charging_progress,,,,osm_9202909866,,,,ev_1,,osm_9202909866_p1,205.7917,,,,,37.07,,,5540
,,charging_progress,,,,osm_11927677057,,,,ev_5,,osm_11927677057_p1,395.78,,,,,69.27,,,5540
,,charging_progress,,,,osm_11927677057,,,,ev_2,,osm_11927677057_p2,395.78,,,,,69.22,,,5540
,,charging_progress,,,,osm_11542817290,,,,ev_7,,osm_11542817290_p1,204.3556,,,,,50.06,,,5540
,,charging_progress,,,,osm_9202909866,,,,ev_1,,osm_9202909866_p1,207.625,,,,,37.28,,,5560
,,charging_progress,,,,osm_11927677057,,,,ev_5,,osm_11927677057_p1,397.2467,,,,,69.48,,,5560
,,charging_progress,,,,osm_11927677057,,,,ev_2,,osm_11927677057_p2,397.2467,,,,,69.42,,,5560
,,charging_progress,,,,osm_11542817290,,,,ev_7,,osm_11542817290_p1,206.3111,,,,,50.47,,,5560
,,charging_progress,,,,osm_9202909866,,,,ev_1,,osm_9202909866_p1,209.4583,,,,,37.48,,,5580
,,charging_progress,,,,osm_11927677057,,,,ev_5,,osm_11927677057_p1,398.7133,,,,,69.68,,,5580
,,charging_progress,,,,osm_11927677057,,,,ev_2,,osm_11927677057_p2,398.7133,,,,,69.63,,,5580
,,charging_progress,,,,osm_11542817290,,,,ev_7,,osm_11542817290_p1,208.2667,,,,,50.88,,,5580
,,charging_progress,,,,osm_9202909866,,,,ev_1,,osm_9202909866_p1,211.2917,,,,,37.68,,,5600
,,charging_progress,,,,osm_11927677057,,,,ev_5,,osm_11927677057_p1,400.18,,,,,69.88,,,5600
,,charging_progress,,,,osm_11927677057,,,,ev_2,,osm_11927677057_p2,400.18,,,,,69.83,,,5600
,,charging_progress,,,,osm_11542817290,,,,ev_7,,osm_11542817290_p1,210.2222,,,,,51.28,,,5600
,,charging_progress,,,,osm_9202909866,,,,ev_1,,osm_9202909866_p1,213.125,,,,,37.89,,,5620
,,charging_progress,,,,osm_11927677057,,,,ev_5,,osm_11927677057_p1,401.6467,,,,,70.09,,,5620
,,charging_progress,,,,osm_11927677057,,,,ev_2,,osm_11927677057_p2,401.6467,,,,,70.04,,,5620
,,charging_progress,,,,osm_11542817290,,,,ev_7,,osm_11542817290_p1,212.1778,,,,,51.69,,,5620
,,charging_progress,,,,osm_9202909866,,,,ev_1,,osm_9202909866_p1,214.9583,,,,,38.09,,,5640
,,charging_progress,,,,osm_11927677057,,,,ev_5,,osm_11927677057_p1,403.1133,,,,,70.29,,,5640
,,charging_progress,,,,osm_11927677057,,,,ev_2,,osm_11927677057_p2,403.1133,,,,,70.24,,,5640
,,charging_progress,,,,osm_11542817290,,,,ev_7,,osm_11542817290_p1,214.1333,,,,,52.1,,,5640
,,charging_progress,,,,osm_9202909866,,,,ev_1,,osm_9202909866_p1,216.7917,,,,,38.3,,,5660
,,charging_progress,,,,osm_11927677057,,,,ev_5,,osm_11927677057_p1,404.58,,,,,70.5,,,5660
,,charging_progress,,,,osm_11927677057,,,,ev_2,,osm_11927677057_p2,404.58,,,,,70.44,,,5660
,,charging_progress,,,,osm_11542817290,,,,ev_7,,osm_11542817290_p1,216.0889,,,,,52.51,,,5660
,,charging_progress,,,,osm_9202909866,,,,ev_1,,osm_9202909866_p1,218.625,,,,,38.5,,,5680
,,charging_progress,,,,osm_11927677057,,,,ev_5,,osm_11927677057_p1,406.0467,,,,,70.7,,,5680
,,charging_progress,,,,osm_11927677057,,,,ev_2,,osm_11927677057_p2,406.0467,,,,,70.65,,,5680
,,charging_progress,,,,osm_11542817290,,,,ev_7,,osm_11542817290_p1,218.0444,,,,,52.91,,,5680
,,charging_progress,,,,osm_9202909866,,,,ev_1,,osm_9202909866_p1,220.4583,,,,,38.7,,,5700
,,charging_progress,,,,osm_11927677057,,,,ev_5,,osm_11927677057_p1,407.5133,,,,,70.9,,,5700
,,charging_progress,,,,osm_11927677057,,,,ev_2,,osm_11927677057_p2,407.5133,,,,,70.85,,,5700
,,charging_progress,,,,osm_11542817290,,,,ev_7,,osm_11542817290_p1,220.0,,,,,53.32,,,5700
,,charging_progress,,,,osm_9202909866,,,,ev_1,,osm_9202909866_p1,222.2917,,,,,38.91,,,5720
,,charging_progress,,,,osm_11927677057,,,,ev_5,,osm_11927677057_p1,408.98,,,,,71.11,,,5720
,,charging_progress,,,,osm_11927677057,,,,ev_2,,osm_11927677057_p2,408.98,,,,,71.05,,,5720
,,charging_progress,,,,osm_11542817290,,,,ev_7,,osm_11542817290_p1,221.9556,,,,,53.73,,,5720
,,charging_progress,,,,osm_9202909866,,,,ev_1,,osm_9202909866_p1,224.125,,,,,39.11,,,5740
,,charging_progress,,,,osm_11927677057,,,,ev_5,,osm_11927677057_p1,410.4467,,,,,71.31,,,5740
,,charging_progress,,,,osm_11927677057,,,,ev_2,,osm_11927677057_p2,410.4467,,,,,71.26,,,5740
,,charging_progress,,,,osm_11542817290,,,,ev_7,,osm_11542817290_p1,223.9111,,,,,54.14,,,5740
,,charging_progress,,,,osm_9202909866,,,,ev_1,,osm_9202909866_p1,225.9583,,,,,39.31,,,5760
,,charging_progress,,,,osm_11927677057,,,,ev_5,,osm_11927677057_p1,411.9133,,,,,71.51,,,5760
,,charging_progress,,,,osm_11927677057,,,,ev_2,,osm_11927677057_p2,411.9133,,,,,71.46,,,5760
,,charging_progress,,,,osm_11542817290,,,,ev_7,,osm_11542817290_p1,225.8667,,,,,54.54,,,5760
,,charging_progress,,,,osm_9202909866,,,,ev_1,,osm_9202909866_p1,227.7917,,,,,39.52,,,5780
,,charging_progress,,,,osm_11927677057,,,,ev_5,,osm_11927677057_p1,413.38,,,,,71.72,,,5780
,,charging_progress,,,,osm_11927677057,,,,ev_2,,osm_11927677057_p2,413.38,,,,,71.66,,,5780
,,charging_progress,,,,osm_11542817290,,,,ev_7,,osm_11542817290_p1,227.8222,,,,,54.95,,,5780
,,charging_progress,,,,osm_9202909866,,,,ev_1,,osm_9202909866_p1,229.625,,,,,39.72,,,5800
,,charging_progress,,,,osm_11927677057,,,,ev_5,,osm_11927677057_p1,414.8467,,,,,71.92,,,5800
,,charging_progress,,,,osm_11927677057,,,,ev_2,,osm_11927677057_p2,414.8467,,,,,71.87,,,5800
,,charging_progress,,,,osm_11542817290,,,,ev_7,,osm_11542817290_p1,229.7778,,,,,55.36,,,5800
,,charging_progress,,,,osm_9202909866,,,,ev_1,,osm_9202909866_p1,231.4583,,,,,39.92,,,5820
,,charging_progress,,,,osm_11927677057,,,,ev_5,,osm_11927677057_p1,416.3133,,,,,72.13,,,5820
,,charging_progress,,,,osm_11927677057,,,,ev_2,,osm_11927677057_p2,416.3133,,,,,72.07,,,5820
,,charging_progress,,,,osm_11542817290,,,,ev_7,,osm_11542817290_p1,231.7333,,,,,55.77,,,5820
,,charging_progress,,,,osm_9202909866,,,,ev_1,,osm_9202909866_p1,233.2917,,,,,40.13,,,5840
,,charging_progress,,,,osm_11927677057,,,,ev_5,,osm_11927677057_p1,417.78,,,,,72.33,,,5840
,,charging_progress,,,,osm_11927677057,,,,ev_2,,osm_11927677057_p2,417.78,,,,,72.28,,,5840
,,charging_progress,,,,osm_11542817290,,,,ev_7,,osm_11542817290_p1,233.6889,,,,,56.17,,,5840
,,charging_progress,,,,osm_9202909866,,,,ev_1,,osm_9202909866_p1,235.125,,,,,40.33,,,5860
,,charging_progress,,,,osm_11927677057,,,,ev_5,,osm_11927677057_p1,419.2467,,,,,72.53,,,5860
,,charging_progress,,,,osm_11927677057,,,,ev_2,,osm_11927677057_p2,419.2467,,,,,72.48,,,5860
,,charging_progress,,,,osm_11542817290,,,,ev_7,,osm_11542817290_p1,235.6444,,,,,56.58,,,5860
,,charging_progress,,,,osm_9202909866,,,,ev_1,,osm_9202909866_p1,236.9583,,,,,40.54,,,5880
,,charging_progress,,,,osm_11927677057,,,,ev_5,,osm_11927677057_p1,420.7133,,,,,72.74,,,5880
,,charging_progress,,,,osm_11927677057,,,,ev_2,,osm_11927677057_p2,420.7133,,,,,72.68,,,5880
,,charging_progress,,,,osm_11542817290,,,,ev_7,,osm_11542817290_p1,237.6,,,,,56.99,,,5880
,,charging_progress,,,,osm_9202909866,,,,ev_1,,osm_9202909866_p1,238.7917,,,,,40.74,,,5900
,,charging_progress,,,,osm_11927677057,,,,ev_5,,osm_11927677057_p1,422.18,,,,,72.94,,,5900
,,charging_progress,,,,osm_11927677057,,,,ev_2,,osm_11927677057_p2,422.18,,,,,72.89,,,5900
,,charging_progress,,,,osm_11542817290,,,,ev_7,,osm_11542817290_p1,239.5556,,,,,57.4,,,5900
,,charging_progress,,,,osm_9202909866,,,,ev_1,,osm_9202909866_p1,240.625,,,,,40.94,,,5920
,,charging_progress,,,,osm_11927677057,,,,ev_5,,osm_11927677057_p1,423.6467,,,,,73.14,,,5920
,,charging_progress,,,,osm_11927677057,,,,ev_2,,osm_11927677057_p2,423.6467,,,,,73.09,,,5920
,,charging_progress,,,,osm_11542817290,,,,ev_7,,osm_11542817290_p1,241.5111,,,,,57.8,,,5920
,,charging_progress,,,,osm_9202909866,,,,ev_1,,osm_9202909866_p1,242.4583,,,,,41.15,,,5940
,,charging_progress,,,,osm_11927677057,,,,ev_5,,osm_11927677057_p1,425.1133,,,,,73.35,,,5940
,,charging_progress,,,,osm_11927677057,,,,ev_2,,osm_11927677057_p2,425.1133,,,,,73.29,,,5940
,,charging_progress,,,,osm_11542817290,,,,ev_7,,osm_11542817290_p1,243.4667,,,,,58.21,,,5940
,,charging_progress,,,,osm_9202909866,,,,ev_1,,osm_9202909866_p1,244.2917,,,,,41.35,,,5960
,,charging_progress,,,,osm_11927677057,,,,ev_5,,osm_11927677057_p1,426.58,,,,,73.55,,,5960
,,charging_progress,,,,osm_11927677057,,,,ev_2,,osm_11927677057_p2,426.58,,,,,73.5,,,5960
,,charging_progress,,,,osm_11542817290,,,,ev_7,,osm_11542817290_p1,245.4222,,,,,58.62,,,5960
,,charging_progress,,,,osm_9202909866,,,,ev_1,,osm_9202909866_p1,246.125,,,,,41.55,,,5980
,,charging_progress,,,,osm_11927677057,,,,ev_5,,osm_11927677057_p1,428.0467,,,,,73.76,,,5980
,,charging_progress,,,,osm_11927677057,,,,ev_2,,osm_11927677057_p2,428.0467,,,,,73.7,,,5980
,,charging_progress,,,,osm_11542817290,,,,ev_7,,osm_11542817290_p1,247.3778,,,,,59.03,,,5980
,,charging_progress,,,,osm_9202909866,,,,ev_1,,osm_9202909866_p1,247.9583,,,,,41.76,,,6000
,,charging_progress,,,,osm_11927677057,,,,ev_5,,osm_11927677057_p1,429.5133,,,,,73.96,,,6000
,,charging_progress,,,,osm_11927677057,,,,ev_2,,osm_11927677057_p2,429.5133,,,,,73.91,,,6000
,,charging_progress,,,,osm_11542817290,,,,ev_7,,osm_11542817290_p1,249.3333,,,,,59.43,,,6000
,,charging_progress,,,,osm_9202909866,,,,ev_1,,osm_9202909866_p1,249.7917,,,,,41.96,,,6020
,,charging_progress,,,,osm_11927677057,,,,ev_5,,osm_11927677057_p1,430.98,,,,,74.16,,,6020
,,charging_progress,,,,osm_11927677057,,,,ev_2,,osm_11927677057_p2,430.98,,,,,74.11,,,6020
,,charging_progress,,,,osm_11542817290,,,,ev_7,,osm_11542817290_p1,251.2889,,,,,59.84,,,6020
,,charging_progress,,,,osm_9202909866,,,,ev_1,,osm_9202909866_p1,251.625,,,,,42.17,,,6040
,,charging_progress,,,,osm_11927677057,,,,ev_5,,osm_11927677057_p1,432.4467,,,,,74.37,,,6040
,,charging_progress,,,,osm_11927677057,,,,ev_2,,osm_11927677057_p2,432.4467,,,,,74.31,,,6040
,,charging_progress,,,,osm_11542817290,,,,ev_7,,osm_11542817290_p1,253.2444,,,,,60.25,,,6040
,,charging_progress,,,,osm_9202909866,,,,ev_1,,osm_9202909866_p1,253.4583,,,,,42.37,,,6060
,,charging_progress,,,,osm_11927677057,,,,ev_5,,osm_11927677057_p1,433.9133,,,,,74.57,,,6060
,,charging_progress,,,,osm_11927677057,,,,ev_2,,osm_11927677057_p2,433.9133,,,,,74.52,,,6060
,,charging_progress,,,,osm_11542817290,,,,ev_7,,osm_11542817290_p1,255.2,,,,,60.65,,,6060
,,charging_progress,,,,osm_9202909866,,,,ev_1,,osm_9202909866_p1,255.2917,,,,,42.57,,,6080
,,charging_progress,,,,osm_11927677057,,,,ev_5,,osm_11927677057_p1,435.38,,,,,74.77,,,6080
,,charging_progress,,,,osm_11927677057,,,,ev_2,,osm_11927677057_p2,435.38,,,,,74.72,,,6080
,,charging_progress,,,,osm_11542817290,,,,ev_7,,osm_11542817290_p1,257.1556,,,,,61.06,,,6080
,,charging_progress,,,,osm_9202909866,,,,ev_1,,osm_9202909866_p1,257.125,,,,,42.78,,,6100
,,charging_progress,,,,osm_11927677057,,,,ev_5,,osm_11927677057_p1,436.8467,,,,,74.98,,,6100
,,charging_progress,,,,osm_11927677057,,,,ev_2,,osm_11927677057_p2,436.8467,,,,,74.92,,,6100
,,charging_progress,,,,osm_11542817290,,,,ev_7,,osm_11542817290_p1,259.1111,,,,,61.47,,,6100
,,charging_progress,,,,osm_9202909866,,,,ev_1,,osm_9202909866_p1,258.9583,,,,,42.98,,,6120
,,charging_progress,,,,osm_11927677057,,,,ev_5,,osm_11927677057_p1,438.3133,,,,,75.18,,,6120
,,charging_progress,,,,osm_11927677057,,,,ev_2,,osm_11927677057_p2,438.3133,,,,,75.13,,,6120
,,charging_progress,,,,osm_11542817290,,,,ev_7,,osm_11542817290_p1,261.0667,,,,,61.88,,,6120
,,charging_progress,,,,osm_9202909866,,,,ev_1,,osm_9202909866_p1,260.7917,,,,,43.18,,,6140
,,charging_progress,,,,osm_11927677057,,,,ev_5,,osm_11927677057_p1,439.78,,,,,75.38,,,6140
,,charging_progress,,,,osm_11927677057,,,,ev_2,,osm_11927677057_p2,439.78,,,,,75.33,,,6140
,,charging_progress,,,,osm_11542817290,,,,ev_7,,osm_11542817290_p1,263.0222,,,,,62.28,,,6140
,,charging_progress,,,,osm_9202909866,,,,ev_1,,osm_9202909866_p1,262.625,,,,,43.39,,,6160
,,charging_progress,,,,osm_11927677057,,,,ev_5,,osm_11927677057_p1,441.2467,,,,,75.59,,,6160
,,charging_progress,,,,osm_11927677057,,,,ev_2,,osm_11927677057_p2,441.2467,,,,,75.54,,,6160
,,charging_progress,,,,osm_11542817290,,,,ev_7,,osm_11542817290_p1,264.9778,,,,,62.69,,,6160
,,charging_progress,,,,osm_9202909866,,,,ev_1,,osm_9202909866_p1,264.4583,,,,,43.59,,,6180
,,charging_progress,,,,osm_11927677057,,,,ev_5,,osm_11927677057_p1,442.7133,,,,,75.79,,,6180
,,charging_progress,,,,osm_11927677057,,,,ev_2,,osm_11927677057_p2,442.7133,,,,,75.74,,,6180
,,charging_progress,,,,osm_11542817290,,,,ev_7,,osm_11542817290_p1,266.9333,,,,,63.1,,,6180
,,charging_progress,,,,osm_9202909866,,,,ev_1,,osm_9202909866_p1,266.2917,,,,,43.8,,,6200
,,charging_progress,,,,osm_11927677057,,,,ev_5,,osm_11927677057_p1,444.18,,,,,76.0,,,6200
,,charging_progress,,,,osm_11927677057,,,,ev_2,,osm_11927677057_p2,444.18,,,,,75.94,,,6200
,,charging_progress,,,,osm_11542817290,,,,ev_7,,osm_11542817290_p1,268.8889,,,,,63.51,,,6200
,,charging_progress,,,,osm_9202909866,,,,ev_1,,osm_9202909866_p1,268.125,,,,,44.0,,,6220
,,charging_progress,,,,osm_11927677057,,,,ev_5,,osm_11927677057_p1,445.6467,,,,,76.2,,,6220
,,charging_progress,,,,osm_11927677057,,,,ev_2,,osm_11927677057_p2,445.6467,,,,,76.15,,,6220
,,charging_progress,,,,osm_11542817290,,,,ev_7,,osm_11542817290_p1,270.8444,,,,,63.91,,,6220
,,charging_progress,,,,osm_9202909866,,,,ev_1,,osm_9202909866_p1,269.9583,,,,,44.2,,,6240
,,charging_progress,,,,osm_11927677057,,,,ev_5,,osm_11927677057_p1,447.1133,,,,,76.4,,,6240
,,charging_progress,,,,osm_11927677057,,,,ev_2,,osm_11927677057_p2,447.1133,,,,,76.35,,,6240
,,charging_progress,,,,osm_11542817290,,,,ev_7,,osm_11542817290_p1,272.8,,,,,64.32,,,6240
,,charging_progress,,,,osm_9202909866,,,,ev_1,,osm_9202909866_p1,271.7917,,,,,44.41,,,6260
,,charging_progress,,,,osm_11927677057,,,,ev_5,,osm_11927677057_p1,448.58,,,,,76.61,,,6260
,,charging_progress,,,,osm_11927677057,,,,ev_2,,osm_11927677057_p2,448.58,,,,,76.55,,,6260
,,charging_progress,,,,osm_11542817290,,,,ev_7,,osm_11542817290_p1,274.7556,,,,,64.73,,,6260
,,charging_progress,,,,osm_9202909866,,,,ev_1,,osm_9202909866_p1,273.625,,,,,44.61,,,6280
,,charging_progress,,,,osm_11927677057,,,,ev_5,,osm_11927677057_p1,450.0467,,,,,76.81,,,6280
,,charging_progress,,,,osm_11927677057,,,,ev_2,,osm_11927677057_p2,450.0467,,,,,76.76,,,6280
,,charging_progress,,,,osm_11542817290,,,,ev_7,,osm_11542817290_p1,276.7111,,,,,65.14,,,6280
,,charging_progress,,,,osm_9202909866,,,,ev_1,,osm_9202909866_p1,275.4583,,,,,44.81,,,6300
,,charging_progress,,,,osm_11927677057,,,,ev_5,,osm_11927677057_p1,451.5133,,,,,77.01,,,6300
,,charging_progress,,,,osm_11927677057,,,,ev_2,,osm_11927677057_p2,451.5133,,,,,76.96,,,6300
,,charging_progress,,,,osm_11542817290,,,,ev_7,,osm_11542817290_p1,278.6667,,,,,65.54,,,6300
,,charging_progress,,,,osm_9202909866,,,,ev_1,,osm_9202909866_p1,277.2917,,,,,45.02,,,6320
,,charging_progress,,,,osm_11927677057,,,,ev_5,,osm_11927677057_p1,452.98,,,,,77.22,,,6320
,,charging_progress,,,,osm_11927677057,,,,ev_2,,osm_11927677057_p2,452.98,,,,,77.16,,,6320
,,charging_progress,,,,osm_11542817290,,,,ev_7,,osm_11542817290_p1,280.6222,,,,,65.95,,,6320
,,charging_progress,,,,osm_9202909866,,,,ev_1,,osm_9202909866_p1,279.125,,,,,45.22,,,6340
,,charging_progress,,,,osm_11927677057,,,,ev_5,,osm_11927677057_p1,454.4467,,,,,77.42,,,6340
,,charging_progress,,,,osm_11927677057,,,,ev_2,,osm_11927677057_p2,454.4467,,,,,77.37,,,6340
,,charging_progress,,,,osm_11542817290,,,,ev_7,,osm_11542817290_p1,282.5778,,,,,66.36,,,6340
,,charging_progress,,,,osm_9202909866,,,,ev_1,,osm_9202909866_p1,280.9583,,,,,45.42,,,6360
,,charging_progress,,,,osm_11927677057,,,,ev_5,,osm_11927677057_p1,455.9133,,,,,77.63,,,6360
,,charging_progress,,,,osm_11927677057,,,,ev_2,,osm_11927677057_p2,455.9133,,,,,77.57,,,6360
,,charging_progress,,,,osm_11542817290,,,,ev_7,,osm_11542817290_p1,284.5333,,,,,66.77,,,6360
,,charging_progress,,,,osm_9202909866,,,,ev_1,,osm_9202909866_p1,282.7917,,,,,45.63,,,6380
,,charging_progress,,,,osm_11927677057,,,,ev_5,,osm_11927677057_p1,457.38,,,,,77.83,,,6380
,,charging_progress,,,,osm_11927677057,,,,ev_2,,osm_11927677057_p2,457.38,,,,,77.78,,,6380
,,charging_progress,,,,osm_11542817290,,,,ev_7,,osm_11542817290_p1,286.4889,,,,,67.17,,,6380
,,charging_progress,,,,osm_9202909866,,,,ev_1,,osm_9202909866_p1,284.625,,,,,45.83,,,6400
,,charging_progress,,,,osm_11927677057,,,,ev_5,,osm_11927677057_p1,458.8467,,,,,78.03,,,6400
,,charging_progress,,,,osm_11927677057,,,,ev_2,,osm_11927677057_p2,458.8467,,,,,77.98,,,6400
,,charging_progress,,,,osm_11542817290,,,,ev_7,,osm_11542817290_p1,288.4444,,,,,67.58,,,6400
,,charging_progress,,,,osm_9202909866,,,,ev_1,,osm_9202909866_p1,286.4583,,,,,46.04,,,6420
,,charging_progress,,,,osm_11927677057,,,,ev_5,,osm_11927677057_p1,460.3133,,,,,78.24,,,6420
,,charging_progress,,,,osm_11927677057,,,,ev_2,,osm_11927677057_p2,460.3133,,,,,78.18,,,6420
,,charging_progress,,,,osm_11542817290,,,,ev_7,,osm_11542817290_p1,290.4,,,,,67.99,,,6420
,,charging_progress,,,,osm_9202909866,,,,ev_1,,osm_9202909866_p1,288.2917,,,,,46.24,,,6440
,,charging_progress,,,,osm_11927677057,,,,ev_5,,osm_11927677057_p1,461.78,,,,,78.44,,,6440
,,charging_progress,,,,osm_11927677057,,,,ev_2,,osm_11927677057_p2,461.78,,,,,78.39,,,6440
,,charging_progress,,,,osm_11542817290,,,,ev_7,,osm_11542817290_p1,292.3556,,,,,68.4,,,6440
,,charging_progress,,,,osm_9202909866,,,,ev_1,,osm_9202909866_p1,290.125,,,,,46.44,,,6460
,,charging_progress,,,,osm_11927677057,,,,ev_5,,osm_11927677057_p1,463.2467,,,,,78.64,,,6460
,,charging_progress,,,,osm_11927677057,,,,ev_2,,osm_11927677057_p2,463.2467,,,,,78.59,,,6460
,,charging_progress,,,,osm_11542817290,,,,ev_7,,osm_11542817290_p1,294.3111,,,,,68.8,,,6460
,,charging_progress,,,,osm_9202909866,,,,ev_1,,osm_9202909866_p1,291.9583,,,,,46.65,,,6480
,,charging_progress,,,,osm_11927677057,,,,ev_5,,osm_11927677057_p1,464.7133,,,,,78.85,,,6480
,,charging_progress,,,,osm_11927677057,,,,ev_2,,osm_11927677057_p2,464.7133,,,,,78.79,,,6480
,,charging_progress,,,,osm_11542817290,,,,ev_7,,osm_11542817290_p1,296.2667,,,,,69.21,,,6480
,,charging_progress,,,,osm_9202909866,,,,ev_1,,osm_9202909866_p1,293.7917,,,,,46.85,,,6500
,,charging_progress,,,,osm_11927677057,,,,ev_5,,osm_11927677057_p1,466.18,,,,,79.05,,,6500
,,charging_progress,,,,osm_11927677057,,,,ev_2,,osm_11927677057_p2,466.18,,,,,79.0,,,6500
,,charging_progress,,,,osm_11542817290,,,,ev_7,,osm_11542817290_p1,298.2222,,,,,69.62,,,6500
,,charging_progress,,,,osm_9202909866,,,,ev_1,,osm_9202909866_p1,295.625,,,,,47.05,,,6520
,,charging_progress,,,,osm_11927677057,,,,ev_5,,osm_11927677057_p1,467.6467,,,,,79.26,,,6520
,,charging_progress,,,,osm_11927677057,,,,ev_2,,osm_11927677057_p2,467.6467,,,,,79.2,,,6520
,,charging_progress,,,,osm_11542817290,,,,ev_7,,osm_11542817290_p1,300.1778,,,,,70.03,,,6520
,,charging_progress,,,,osm_9202909866,,,,ev_1,,osm_9202909866_p1,297.4583,,,,,47.26,,,6540
,,charging_progress,,,,osm_11927677057,,,,ev_5,,osm_11927677057_p1,469.1133,,,,,79.46,,,6540
,,charging_progress,,,,osm_11927677057,,,,ev_2,,osm_11927677057_p2,469.1133,,,,,79.41,,,6540
,,charging_progress,,,,osm_11542817290,,,,ev_7,,osm_11542817290_p1,302.1333,,,,,70.43,,,6540
,,charging_progress,,,,osm_9202909866,,,,ev_1,,osm_9202909866_p1,299.2917,,,,,47.46,,,6560
,,charging_progress,,,,osm_11927677057,,,,ev_5,,osm_11927677057_p1,470.58,,,,,79.66,,,6560
,,charging_progress,,,,osm_11927677057,,,,ev_2,,osm_11927677057_p2,470.58,,,,,79.61,,,6560
,,charging_progress,,,,osm_11542817290,,,,ev_7,,osm_11542817290_p1,304.0889,,,,,70.84,,,6560
,,charging_progress,,,,osm_9202909866,,,,ev_1,,osm_9202909866_p1,301.125,,,,,47.67,,,6580
,,charging_progress,,,,osm_11927677057,,,,ev_5,,osm_11927677057_p1,472.0467,,,,,79.87,,,6580
,,charging_progress,,,,osm_11927677057,,,,ev_2,,osm_11927677057_p2,472.0467,,,,,79.81,,,6580
,,charging_progress,,,,osm_11542817290,,,,ev_7,,osm_11542817290_p1,306.0444,,,,,71.25,,,6580
CHARGING,,lifecycle_state_transition,,,CHARGED,,,,"{'station_id': 'osm_11927677057', 'port_id': 'osm_11927677057_p1', 'battery_pct': 80.0}",ev_5,,,,,,,,,,charging_completed,6592
,,resumed_route,,,,osm_11927677057,,,,ev_5,,,,,,,,,213016861#0,,6592
CHARGED,,lifecycle_state_transition,,,RESUMING_TRIP,,,,"{'station_id': 'osm_11927677057', 'destination_edge': '213016861#0'}",ev_5,,,,,,,,,,resumed_route,6592
,,charging_completed,,,,osm_11927677057,,,,ev_5,,osm_11927677057_p1,472.9267,,,,,80.0,,,6592
,,charging_started,,,,osm_11927677057,,22.0,,ev_9,12.0,osm_11927677057_p1,,351.2046260561508,,,11705,10.56,,,6592
CHARGING,,lifecycle_state_transition,,,CHARGED,,,,"{'station_id': 'osm_11927677057', 'port_id': 'osm_11927677057_p2', 'battery_pct': 80.0}",ev_2,,,,,,,,,,charging_completed,6597
,,resumed_route,,,,osm_11927677057,,,,ev_2,,,,,,,,,-387461399,,6597
CHARGED,,lifecycle_state_transition,,,RESUMING_TRIP,,,,"{'station_id': 'osm_11927677057', 'destination_edge': '-387461399'}",ev_2,,,,,,,,,,resumed_route,6597
,,charging_completed,,,,osm_11927677057,,,,ev_2,,osm_11927677057_p2,473.2933,,,,,80.0,,,6597
,,charging_progress,,,,osm_9202909866,,,,ev_1,,osm_9202909866_p1,302.9583,,,,,47.87,,,6600
,,charging_progress,,,,osm_11927677057,,,,ev_9,,osm_11927677057_p1,0.66,,,,,10.68,,,6600
,,charging_progress,,,,osm_11542817290,,,,ev_7,,osm_11542817290_p1,308.0,,,,,71.65,,,6600
,,charging_progress,,,,osm_9202909866,,,,ev_1,,osm_9202909866_p1,304.7917,,,,,48.07,,,6620
,,charging_progress,,,,osm_11927677057,,,,ev_9,,osm_11927677057_p1,2.1267,,,,,10.95,,,6620
,,charging_progress,,,,osm_11542817290,,,,ev_7,,osm_11542817290_p1,309.9556,,,,,72.06,,,6620
,,charging_progress,,,,osm_9202909866,,,,ev_1,,osm_9202909866_p1,306.625,,,,,48.28,,,6640
,,charging_progress,,,,osm_11927677057,,,,ev_9,,osm_11927677057_p1,3.5933,,,,,11.22,,,6640
,,charging_progress,,,,osm_11542817290,,,,ev_7,,osm_11542817290_p1,311.9111,,,,,72.47,,,6640
,,charging_progress,,,,osm_9202909866,,,,ev_1,,osm_9202909866_p1,308.4583,,,,,48.48,,,6660
,,charging_progress,,,,osm_11927677057,,,,ev_9,,osm_11927677057_p1,5.06,,,,,11.49,,,6660
,,charging_progress,,,,osm_11542817290,,,,ev_7,,osm_11542817290_p1,313.8667,,,,,72.88,,,6660
,,charging_progress,,,,osm_9202909866,,,,ev_1,,osm_9202909866_p1,310.2917,,,,,48.68,,,6680
,,charging_progress,,,,osm_11927677057,,,,ev_9,,osm_11927677057_p1,6.5267,,,,,11.76,,,6680
,,charging_progress,,,,osm_11542817290,,,,ev_7,,osm_11542817290_p1,315.8222,,,,,73.28,,,6680
,,charging_progress,,,,osm_9202909866,,,,ev_1,,osm_9202909866_p1,312.125,,,,,48.89,,,6700
,,charging_progress,,,,osm_11927677057,,,,ev_9,,osm_11927677057_p1,7.9933,,,,,12.04,,,6700
,,charging_progress,,,,osm_11542817290,,,,ev_7,,osm_11542817290_p1,317.7778,,,,,73.69,,,6700
,,charging_progress,,,,osm_9202909866,,,,ev_1,,osm_9202909866_p1,313.9583,,,,,49.09,,,6720
,,charging_progress,,,,osm_11927677057,,,,ev_9,,osm_11927677057_p1,9.46,,,,,12.31,,,6720
,,charging_progress,,,,osm_11542817290,,,,ev_7,,osm_11542817290_p1,319.7333,,,,,74.1,,,6720
,,charging_progress,,,,osm_9202909866,,,,ev_1,,osm_9202909866_p1,315.7917,,,,,49.3,,,6740
,,charging_progress,,,,osm_11927677057,,,,ev_9,,osm_11927677057_p1,10.9267,,,,,12.58,,,6740
,,charging_progress,,,,osm_11542817290,,,,ev_7,,osm_11542817290_p1,321.6889,,,,,74.51,,,6740
,,charging_progress,,,,osm_9202909866,,,,ev_1,,osm_9202909866_p1,317.625,,,,,49.5,,,6760
,,charging_progress,,,,osm_11927677057,,,,ev_9,,osm_11927677057_p1,12.3933,,,,,12.85,,,6760
,,charging_progress,,,,osm_11542817290,,,,ev_7,,osm_11542817290_p1,323.6444,,,,,74.91,,,6760
,,charging_progress,,,,osm_9202909866,,,,ev_1,,osm_9202909866_p1,319.4583,,,,,49.7,,,6780
,,charging_progress,,,,osm_11927677057,,,,ev_9,,osm_11927677057_p1,13.86,,,,,13.12,,,6780
,,charging_progress,,,,osm_11542817290,,,,ev_7,,osm_11542817290_p1,325.6,,,,,75.32,,,6780
,,charging_progress,,,,osm_9202909866,,,,ev_1,,osm_9202909866_p1,321.2917,,,,,49.91,,,6800
,,charging_progress,,,,osm_11927677057,,,,ev_9,,osm_11927677057_p1,15.3267,,,,,13.39,,,6800
,,charging_progress,,,,osm_11542817290,,,,ev_7,,osm_11542817290_p1,327.5556,,,,,75.73,,,6800
,,charging_progress,,,,osm_9202909866,,,,ev_1,,osm_9202909866_p1,323.125,,,,,50.11,,,6820
,,charging_progress,,,,osm_11927677057,,,,ev_9,,osm_11927677057_p1,16.7933,,,,,13.67,,,6820
,,charging_progress,,,,osm_11542817290,,,,ev_7,,osm_11542817290_p1,329.5111,,,,,76.14,,,6820
,,charging_progress,,,,osm_9202909866,,,,ev_1,,osm_9202909866_p1,324.9583,,,,,50.31,,,6840
,,charging_progress,,,,osm_11927677057,,,,ev_9,,osm_11927677057_p1,18.26,,,,,13.94,,,6840
,,charging_progress,,,,osm_11542817290,,,,ev_7,,osm_11542817290_p1,331.4667,,,,,76.54,,,6840
,,charging_progress,,,,osm_9202909866,,,,ev_1,,osm_9202909866_p1,326.7917,,,,,50.52,,,6860
,,charging_progress,,,,osm_11927677057,,,,ev_9,,osm_11927677057_p1,19.7267,,,,,14.21,,,6860
,,charging_progress,,,,osm_11542817290,,,,ev_7,,osm_11542817290_p1,333.4222,,,,,76.95,,,6860
,,charging_progress,,,,osm_9202909866,,,,ev_1,,osm_9202909866_p1,328.625,,,,,50.72,,,6880
,,charging_progress,,,,osm_11927677057,,,,ev_9,,osm_11927677057_p1,21.1933,,,,,14.48,,,6880
,,charging_progress,,,,osm_11542817290,,,,ev_7,,osm_11542817290_p1,335.3778,,,,,77.36,,,6880
,,charging_progress,,,,osm_9202909866,,,,ev_1,,osm_9202909866_p1,330.4583,,,,,50.92,,,6900
,,charging_progress,,,,osm_11927677057,,,,ev_9,,osm_11927677057_p1,22.66,,,,,14.75,,,6900
,,charging_progress,,,,osm_11542817290,,,,ev_7,,osm_11542817290_p1,337.3333,,,,,77.77,,,6900
,,charging_progress,,,,osm_9202909866,,,,ev_1,,osm_9202909866_p1,332.2917,,,,,51.13,,,6920
,,charging_progress,,,,osm_11927677057,,,,ev_9,,osm_11927677057_p1,24.1267,,,,,15.02,,,6920
,,charging_progress,,,,osm_11542817290,,,,ev_7,,osm_11542817290_p1,339.2889,,,,,78.17,,,6920
,,charging_progress,,,,osm_9202909866,,,,ev_1,,osm_9202909866_p1,334.125,,,,,51.33,,,6940
,,charging_progress,,,,osm_11927677057,,,,ev_9,,osm_11927677057_p1,25.5933,,,,,15.3,,,6940
,,charging_progress,,,,osm_11542817290,,,,ev_7,,osm_11542817290_p1,341.2444,,,,,78.58,,,6940
,,charging_progress,,,,osm_9202909866,,,,ev_1,,osm_9202909866_p1,335.9583,,,,,51.54,,,6960
,,charging_progress,,,,osm_11927677057,,,,ev_9,,osm_11927677057_p1,27.06,,,,,15.57,,,6960
,,charging_progress,,,,osm_11542817290,,,,ev_7,,osm_11542817290_p1,343.2,,,,,78.99,,,6960
,,charging_progress,,,,osm_9202909866,,,,ev_1,,osm_9202909866_p1,337.7917,,,,,51.74,,,6980
,,charging_progress,,,,osm_11927677057,,,,ev_9,,osm_11927677057_p1,28.5267,,,,,15.84,,,6980
,,charging_progress,,,,osm_11542817290,,,,ev_7,,osm_11542817290_p1,345.1556,,,,,79.4,,,6980
,,charging_progress,,,,osm_9202909866,,,,ev_1,,osm_9202909866_p1,339.625,,,,,51.94,,,7000
,,charging_progress,,,,osm_11927677057,,,,ev_9,,osm_11927677057_p1,29.9933,,,,,16.11,,,7000
,,charging_progress,,,,osm_11542817290,,,,ev_7,,osm_11542817290_p1,347.1111,,,,,79.8,,,7000
CHARGING,,lifecycle_state_transition,,,CHARGED,,,,"{'station_id': 'osm_11542817290', 'port_id': 'osm_11542817290_p1', 'battery_pct': 80.01}",ev_7,,,,,,,,,,charging_completed,7010
,,resumed_route,,,,osm_11542817290,,,,ev_7,,,,,,,,,-38771650#0,,7010
CHARGED,,lifecycle_state_transition,,,RESUMING_TRIP,,,,"{'station_id': 'osm_11542817290', 'destination_edge': '-38771650#0'}",ev_7,,,,,,,,,,resumed_route,7010
,,charging_completed,,,,osm_11542817290,,,,ev_7,,osm_11542817290_p1,348.0889,,,,,80.01,,,7010
,,charging_progress,,,,osm_9202909866,,,,ev_1,,osm_9202909866_p1,341.4583,,,,,52.15,,,7020
,,charging_progress,,,,osm_11927677057,,,,ev_9,,osm_11927677057_p1,31.46,,,,,16.38,,,7020
,,charging_progress,,,,osm_9202909866,,,,ev_1,,osm_9202909866_p1,343.2917,,,,,52.35,,,7040
,,charging_progress,,,,osm_11927677057,,,,ev_9,,osm_11927677057_p1,32.9267,,,,,16.65,,,7040
,,charging_progress,,,,osm_9202909866,,,,ev_1,,osm_9202909866_p1,345.125,,,,,52.55,,,7060
,,charging_progress,,,,osm_11927677057,,,,ev_9,,osm_11927677057_p1,34.3933,,,,,16.92,,,7060
,,charging_progress,,,,osm_9202909866,,,,ev_1,,osm_9202909866_p1,346.9583,,,,,52.76,,,7080
,,charging_progress,,,,osm_11927677057,,,,ev_9,,osm_11927677057_p1,35.86,,,,,17.2,,,7080
,,charging_progress,,,,osm_9202909866,,,,ev_1,,osm_9202909866_p1,348.7917,,,,,52.96,,,7100
,,charging_progress,,,,osm_11927677057,,,,ev_9,,osm_11927677057_p1,37.3267,,,,,17.47,,,7100
,,charging_progress,,,,osm_9202909866,,,,ev_1,,osm_9202909866_p1,350.625,,,,,53.17,,,7120
,,charging_progress,,,,osm_11927677057,,,,ev_9,,osm_11927677057_p1,38.7933,,,,,17.74,,,7120
,,charging_progress,,,,osm_9202909866,,,,ev_1,,osm_9202909866_p1,352.4583,,,,,53.37,,,7140
,,charging_progress,,,,osm_11927677057,,,,ev_9,,osm_11927677057_p1,40.26,,,,,18.01,,,7140
,,charging_progress,,,,osm_9202909866,,,,ev_1,,osm_9202909866_p1,354.2917,,,,,53.57,,,7160
,,charging_progress,,,,osm_11927677057,,,,ev_9,,osm_11927677057_p1,41.7267,,,,,18.28,,,7160
,,charging_progress,,,,osm_9202909866,,,,ev_1,,osm_9202909866_p1,356.125,,,,,53.78,,,7180
,,charging_progress,,,,osm_11927677057,,,,ev_9,,osm_11927677057_p1,43.1933,,,,,18.55,,,7180
